Target_Name,COS_Observations,COS_ASN_ID,COS_QUALCOM1,COS_QUALCOM2,COS_QUALCOM3,STIS_Median_FluxRatio,STIS_Observations,FOS_Median_FluxRatio,FOS_Observations,HRS1_Median_FluxRatio,HRS1_Observations,HRS2_Median_FluxRatio,HRS2_Observations,IUE_Median_FluxRatio,IUE_Observations,FUSE_Median_FluxRatio,FUSE_Observations
1ES1028+511,10,LBG801060;LBG801070;LBG801080;LBG801090;LBG8010A0;LBG802060;LBG802070;LBG802080;LBG802090;LBG8020A0,,,,0.29237463423454535,1,,0,,0,,0,,0,,0
AV445,14,LEMU4C010;LEMU4C020;LEMU4C030;LEMU4C040,,,,,1,,0,,0,,0,,0,,0
2MASX-J05210136-2521450,4,LDXW02010,,,,,8,,0,,0,,0,,0,,0
3C263,12,LB6810010;LB6810020;LB6810030;LB6810040;LB6811010;LB6811020;LB6811030;LB6811040;LB6811050,,,,,0,-0.06063496107127999,126,,0,,0,,0,-0.03346706250831939,10
3C273,7,LBGL31010;LBGL31020;LBGL31030;LBGL31040;LBGL31050,,,,-0.21419616831054078,7,-0.6413966321744078,80,-0.1748112837838455,44,-0.18912377223147617,96,-0.30374182755616697,251,-0.2323293539276157,1
3C279,10,LF1K10010;LF1K11010;LF1K11020,,,,,0,2.3211454517447505,100,,0,,0,2.3145554574096434,23,,0
AV75,296,LBXK01010;LBXK51010;LBXK51020;LBXK51030;LC3N01010;LC3N01020;LC3N01030;LC6A01010;LC6A01020;LC6A01030;LC6A01040;LC6A01050;LC6A01060;LCGH01010;LCGH01020;LCGH01030;LCGH01040;LCGH01050;LCGH01060;LCGH01070;LCGH01080;LCPT01010;LCPT01020;LCPT01030;LCRS01010;LCRS01020;LCRS01030;LCRS01040;LCRS01050;LCRS51010;LCRS51020;LCRS51030;LCRS51040;LCRS51050;LD2G01070;LD2G51010;LD2G51020;LD2G51030;LD2G51040;LD2G51050;LD2G51060;LD2G51070;LD2G51080;LDC301010;LDC301020;LDC301030;LDC301040;LDC301050;LDC301060;LDC301070;LDC301080;LDEJ3A010;LDEJ3A020;LDEJ3A030;LDEJ3A040;LDM701010;LDM701020;LDM701030;LDQ701010;LDQ701020;LDQ701030;LDQ701040;LDQ701050;LDQ701060;LDQ701070;LDQ701080;LDUH01010;LDUH01020;LDUH01050;LDUH01060;LDUH01070;LDUH01080;LDUH51010;LDUH51020;LDUH51030;LDUH51040;LDUH51050;LDUH51060;LDUH51070;LDUH51080;LE0R01010;LE0R01020;LE0R01030;LE0R01040;LE0R01050;LE0R01060;LE0R01070;LE0R01080;LEFC01010;LEFC01020;LEFC01030;LEFC01040;LEFC01050;LEFC01060;LEFC01070;LEFC01080;LEIJ01010;LEIJ01020;LEIJ01030;LEIJ01040;LEKO01010;LEKO01020;LEKO01030;LEKO01040;LEKO01050;LEKO01060;LEKO01070;LEKO01080;LETC01010;LETC01020;LF2301040;LF2301050;LF2301060;LF2301070;LF2301080;LF2301090;LF23010A0;LF2301010;LF2301020;LF2301030;LF4P01010;LF4P01020;LF4P01030;LF4P01040;LF4P01050;LF4P01060;LF4P01070;LF4P01080;LF4P01090;LF4P02010;LF4P02020;LF4P02030;LF4P02040;LFC901010;LFC901020;LFC901030;LFC901040;LFC901050;LFC901060;LFC901070;LFC901080;LFC901090;LFC9010A0;LFQW03010;LFQW04020,,,,-0.00532425969770743,2,0.04538638219592576,3,,0,,0,,0,0.01412897370196598,1
3C48,16,LCXV12030;LCXV12040;LCXV13030;LCXV13040;LCXV13050,,,,,13,,0,,0,,0,-0.2949395774847376,2,0.8277574835169061,1
3C57,12,LBGL18010;LBGL18020;LBGL18030;LBGL18040;LBGL28010;LBGL28020;LBGL28030;LBGL28040;LBGL28050,,,,,0,0.5730318710620101,44,,0,,0,,0,0.1141340261124829,1
AZV18,94,LAA004010;LAA004020;LAA004030;LAA004040;LAA004050;LAA004060;LAA004070;LAA004080;LAA004090;LAA0040A0;LAA005010;LAA005020;LAA005030;LAA005040;LAA005050;LAA005060;LAA005070;LAA005080;LAA0050B0;LAA0050C0;LAA0050D0;LAA0050E0;LAA0050F0;LAA0050G0;LAA0050H0;LAA0050I0;LAA0050J0;LAA0050K0;LAA0050L0;LAA0050M0;LAA0050O0;LAA0050P0;LAA0050R0;LAA0050S0;LAA102010;LAA102020;LAA102030;LAA102040;LAA102050;LAA102060;LAA102070;LAA102080;LAA102090;LAA103010;LAA103020;LAA103030;LAA103050;LAA103060;LAA103070;LAA103080;LAA103090;LAA1030A0;LAA1030B0;LAA104010;LAA104020;LAA104030;LAA104040;LAA104050;LAA104060;LAA104070;LAA104080;LAA110010;LAA110020;LAA110030;LAA110040;LAA110050;LAA110060;LAA110070;LAA110080;LAA110090;LAA1100A0;LAA1100B0;LAA1100C0;LAA1100D0;LAA1100E0;LAA1100F0;LAA1100G0;LAA1100H0;LAA1100I0;LAA1100J0;LAA1100K0;LAA1100L0;LAA1100M0;LAA1100N0;LAA1100O0;LAA1100P0;LAA1100Q0;LAA1100R0;LAA1100S0;LAA1100T0,,,,-0.17226681631869534,19,,0,,0,,0,,0,-0.3762337371161397,1
BD+31643,25,LB3S11010;LB3S11020;LB3S11030;LB3S11040;LB3S11050;LB3S11060;LB3S11070;LB3S11080;LB3S11090;LB3S110A0,,,,-0.33786156925249133,4,,0,,0,,0,,0,,0
AV200,4,LEMU1C010,,,,,1,,0,,0,,0,,0,,0
BD+631964,42,LB3S08010;LB3S08020;LB3S08030;LB3S08040;LB3S08050;LB3S08060;LB3S08070;LB3S08080;LB3S08090;LB3S080A0;LB3S080B0;LDYV02010;LDYV52010;LDYV52020;LDYV53010;LDYV53020,,,,0.025978169908073702,2,,0,,0,,0,,0,,0
AV207,7,LEA22C010;LEA22C020,,,,,0,-0.035795071396010805,3,,0,,0,,0,-0.034770362300948876,1
AV234,6,LE9P2C010;LE9P2C020,,,,0.07768642105096932,4,,0,,0,,0,,0,,0
AV296,8,LEUL1C010;LF3R2C010,,,,0.04808064551713182,1,,0,,0,,0,,0,,0
BI184,8,LDA920010;LDA920020,,,,0.14972764092145818,4,,0,,0,,0,,0,0.02239839735801268,1
AV304,48,LCYIA1010;LCYIA1020;LCYIA2010;LCYIA2020;LCYIA2030;LCYIA3040;LCYIA3050;LCYIA3060;LCYIA3070;LCYIA3010;LCYIA3020;LCYIA3030,,,,-0.05782218487041873,10,,0,,0,,0,0.016426303175039538,1,0.09725971505710274,1
AV314,10,LEMU2C010;LEMU2C020;LEMUBC020,,,,,1,,0,,0,,0,,0,,0
AV324,8,LE9P3D010;LE9P3D020,,,,,1,,0,,0,,0,,0,,0
AV343,11,LEMU3C010;LEMU3C020;LEMU3C030;LEMU3C040,,,,,1,,0,,0,,0,,0,,0
BI237,8,LDA927010;LDA927020,,,,0.03292429161157881,5,,0,,0,,0,,0,0.0076366257174285985,1
AV393,6,LE9P4C010;LE9P4C020,,,,0.023398732281479213,1,,0,-0.1149686142372568,8,,0,,0,0.006425543326756774,1
AV440,7,LEA23C010;LEA23C020,,,,0.004106347084198034,1,,0,,0,,0,,0,-0.05146313239275778,1
AV445,14,LEMU4C010;LEMU4C020;LEMU4C030;LEMU4C040,,,,,1,,0,,0,,0,,0,,0
AV476,13,LBP509070;LBP509080;LBP509090;LBP5090A0,,,,-0.007194470172687429,1,,0,,0,,0,,0,0.09091600769130095,1
AV75,296,LBXK01010;LBXK51010;LBXK51020;LBXK51030;LC3N01010;LC3N01020;LC3N01030;LC6A01010;LC6A01020;LC6A01030;LC6A01040;LC6A01050;LC6A01060;LCGH01010;LCGH01020;LCGH01030;LCGH01040;LCGH01050;LCGH01060;LCGH01070;LCGH01080;LCPT01010;LCPT01020;LCPT01030;LCRS01010;LCRS01020;LCRS01030;LCRS01040;LCRS01050;LCRS51010;LCRS51020;LCRS51030;LCRS51040;LCRS51050;LD2G01070;LD2G51010;LD2G51020;LD2G51030;LD2G51040;LD2G51050;LD2G51060;LD2G51070;LD2G51080;LDC301010;LDC301020;LDC301030;LDC301040;LDC301050;LDC301060;LDC301070;LDC301080;LDEJ3A010;LDEJ3A020;LDEJ3A030;LDEJ3A040;LDM701010;LDM701020;LDM701030;LDQ701010;LDQ701020;LDQ701030;LDQ701040;LDQ701050;LDQ701060;LDQ701070;LDQ701080;LDUH01010;LDUH01020;LDUH01050;LDUH01060;LDUH01070;LDUH01080;LDUH51010;LDUH51020;LDUH51030;LDUH51040;LDUH51050;LDUH51060;LDUH51070;LDUH51080;LE0R01010;LE0R01020;LE0R01030;LE0R01040;LE0R01050;LE0R01060;LE0R01070;LE0R01080;LEFC01010;LEFC01020;LEFC01030;LEFC01040;LEFC01050;LEFC01060;LEFC01070;LEFC01080;LEIJ01010;LEIJ01020;LEIJ01030;LEIJ01040;LEKO01010;LEKO01020;LEKO01030;LEKO01040;LEKO01050;LEKO01060;LEKO01070;LEKO01080;LETC01010;LETC01020;LF2301040;LF2301050;LF2301060;LF2301070;LF2301080;LF2301090;LF23010A0;LF2301010;LF2301020;LF2301030;LF4P01010;LF4P01020;LF4P01030;LF4P01040;LF4P01050;LF4P01060;LF4P01070;LF4P01080;LF4P01090;LF4P02010;LF4P02020;LF4P02030;LF4P02040;LFC901010;LFC901020;LFC901030;LFC901040;LFC901050;LFC901060;LFC901070;LFC901080;LFC901090;LFC9010A0;LFQW03010;LFQW04020,,,,-0.00532425969770743,2,0.04538638219592576,3,,0,,0,,0,0.01412897370196598,1
AZV18,94,LAA004010;LAA004020;LAA004030;LAA004040;LAA004050;LAA004060;LAA004070;LAA004080;LAA004090;LAA0040A0;LAA005010;LAA005020;LAA005030;LAA005040;LAA005050;LAA005060;LAA005070;LAA005080;LAA0050B0;LAA0050C0;LAA0050D0;LAA0050E0;LAA0050F0;LAA0050G0;LAA0050H0;LAA0050I0;LAA0050J0;LAA0050K0;LAA0050L0;LAA0050M0;LAA0050O0;LAA0050P0;LAA0050R0;LAA0050S0;LAA102010;LAA102020;LAA102030;LAA102040;LAA102050;LAA102060;LAA102070;LAA102080;LAA102090;LAA103010;LAA103020;LAA103030;LAA103050;LAA103060;LAA103070;LAA103080;LAA103090;LAA1030A0;LAA1030B0;LAA104010;LAA104020;LAA104030;LAA104040;LAA104050;LAA104060;LAA104070;LAA104080;LAA110010;LAA110020;LAA110030;LAA110040;LAA110050;LAA110060;LAA110070;LAA110080;LAA110090;LAA1100A0;LAA1100B0;LAA1100C0;LAA1100D0;LAA1100E0;LAA1100F0;LAA1100G0;LAA1100H0;LAA1100I0;LAA1100J0;LAA1100K0;LAA1100L0;LAA1100M0;LAA1100N0;LAA1100O0;LAA1100P0;LAA1100Q0;LAA1100R0;LAA1100S0;LAA1100T0,,,,-0.17226681631869534,19,,0,,0,,0,,0,-0.3762337371161397,1
BI253,8,LDA930010;LDA930020,,,,-0.028739445509691246,6,,0,,0,,0,,0,-0.032573228913185336,2
BD+31643,25,LB3S11010;LB3S11020;LB3S11030;LB3S11040;LB3S11050;LB3S11060;LB3S11070;LB3S11080;LB3S11090;LB3S110A0,,,,-0.33786156925249133,4,,0,,0,,0,,0,,0
CD-33-10685,10,LD7GA2010;LD7GA2020;LD7GA2030;LD7GA2040;LD7GA2050,,,,-0.6427129310326904,1,,0,,0,,0,,0,,0
BD+631964,42,LB3S08010;LB3S08020;LB3S08030;LB3S08040;LB3S08050;LB3S08060;LB3S08070;LB3S08080;LB3S08090;LB3S080A0;LB3S080B0;LDYV02010;LDYV52010;LDYV52020;LDYV53010;LDYV53020,,,,0.025978169908073702,2,,0,,0,,0,,0,,0
CHX18N,4,LEIN1C010;LEINAC010,,,,-0.8775108592942902,1,,0,,0,,0,,0,,0
FAIRALL9,7,LBRY03010;LBRY03020,,,,,0,0.014927964347239975,14,-0.8277589186945836,8,0.7289113110977246,44,0.33047036973225086,80,-0.8258397806263313,1
G191B2B,318,LBBDA1010;LBBDA1020;LBBDA1030;LBBDA1040;LBBDA1050;LBBDA1060;LBBDA1070;LBBDA2010;LBBDA2020;LBBDA2030;LBBDA2040;LBBDA2050;LBBDA2060;LBBDA2070;LBBDA3010;LBBDA3020;LBBDA3030;LBBDA3040;LBBDA3050;LBBDA3060;LBBDA3070;LBBDA4010;LBBDA4020;LBBDA4030;LBBDA4040;LBBDA4050;LBBDA4060;LBBDA4070;LBBDA5010;LBBDA5020;LBBDA5030;LBBDA5040;LBBDA5050;LBBDA5060;LBBDA5070;LBBDAB010;LBBDAB020;LBBDAB030;LBBDAB040;LBBDAC010;LBBDAC020;LBBDAD010;LBBDAD020;LBBDAD030;LBBDAD040;LBBDAE010;LBBDAE020;LBBDAE030;LBBDAE040;LBBDAF010;LBBDAF020;LBBDAF030;LBBDAF040;LBBDAG010;LBBDAG020;LBBDAG030;LBBDAG040;LBBDAH010;LBBDAH020;LBBDAH030;LBBDAH040;LBBDAJ010;LBBDAJ020;LBBDAJ030;LBBDAJ040;LBBDAK010;LBBDAK020;LBBDAK030;LBBDAK040;LBBDNC010;LBBDNC020;LBBDNC030;LBBDNC040;LBNGM1010;LBNGM1020;LBNGM1030;LBNGM1040;LBNGM1050;LBNGM1060;LBNGM1070;LBNGM2010;LBNGM2020;LBNGM2030;LBNGM2040;LBNGM2050;LBNGM2060;LBNGM2070;LBNGM3010;LBNGM3020;LBNGM3030;LBNGM3040;LBNGM3050;LBNGM3060;LBNGM3070;LBUJM1010;LBUJM1020;LBUJM1030;LBUJM1040;LBUJM1050;LBUJM2010;LBUJM2020;LBUJM2030;LBUJM2040;LBUJM2050;LBUJM3010;LBUJM3020;LBUJM3030;LBUJM3040;LBUJM3050;LBUJM4010;LBUJM4020;LBUJM4030;LBUJM4040;LBUJM4050;LC3ZM1010;LC3ZM1020;LC3ZM1030;LC3ZM1040;LC3ZM1050;LC3ZM3010;LC3ZM3020;LC3ZM3030;LC3ZM3040;LC3ZM3050;LC3ZM4010;LC3ZM4020;LC3ZM4030;LC3ZM4040;LC3ZM4050;LCFEM1010;LCFEM1020;LCFEM1030;LCFEM1040;LCFEM1050;LCFEM2010;LCFEM2020;LCFEM2030;LCFEM2040;LCFEM2050;LCFEM3010;LCFEM3020;LCFEM3030;LCFEM3040;LCFEM3050;LCRHM1010;LCRHM1020;LCRHM1030;LCRHM1040;LCRHM1050;LCRHM2010;LCRHM2020;LCRHM2030;LCRHM2040;LCRHM2050;LCRHM3010;LCRHM3020;LCRHM3030;LCRHM3040;LCRHM3050;LCWT02010;LD20M1010;LD20M1020;LD20M1030;LD20M1040;LD20M1050;LD20M2010;LD20M2020;LD20M2030;LD20M2040;LD20M2050;LDCZM1010;LDCZM1020;LDCZM1030;LDCZM1040;LDCZM1050;LDCZM1060;LDCZM1070;LDCZM1080;LDCZM1090;LDCZM2010;LDCZM2020;LDCZM2030;LDCZM2040;LDCZM2050;LDCZM2060;LDCZM2070;LDCZM2080;LDCZM2090;LDQKM1010;LDQKM1020;LDQKM1030;LDQKM1040;LDQKM1050;LDQKM1060;LDQKM1070;LDQKM1080;LDQKM1090;LDQKM2010;LDQKM2020;LDQKM2030;LDQKM2040;LDQKM2050;LDQKM2060;LDQKM2070;LDQKM2080;LDQKM2090;LDUIM1010;LDUIM1020;LDUIM1030;LDUIM1040;LDUIM1050;LDUIM1060;LDUIM2010;LDUIM2020;LDUIM2030;LDUIM2040;LDUIM2050;LDUIM2060;LE0SM1010;LE0SM1020;LE0SM1030;LE0SM1040;LE0SM1050;LE0SM1060;LE0SM2010;LE0SM2020;LE0SM2030;LE0SM2040;LE0SM2050;LE0SM2060;LEEJM1010;LEEJM1020;LEEJM1030;LEEJM1040;LEEJM1050;LEEJM1060;LEEJM2010;LEEJM2020;LEEJM2030;LEEJM2040;LEEJM2050;LEEJM2060;LEKCM1010;LEKCM1020;LEKCM1030;LEKCM1040;LEKCM1050;LEKCM1060;LEKCM2010;LEKCM2020;LEKCM2030;LEKCM2040;LEKCM2050;LEKCM2060;LEV0M1010;LEV0M1020;LEV0M1030;LEV0M1040;LEV0M1050;LEV0M1060;LEV0M2010;LEV0M2020;LEV0M2030;LEV0M2040;LEV0M2050;LEV0M2060;LF4SM1010;LF4SM1020;LF4SM1030;LF4SM1040;LF4SM1050;LF4SM1060;LF4SM2010;LF4SM2020;LF4SM2030;LF4SM2040;LF4SM2050;LF4SM2060;LFIAM1010;LFIAM1020;LFIAM1030;LFIAM1040;LFIAM1050;LFIAM1060;LFIAM2010;LFIAM2020;LFIAM2030;LFIAM2040;LFIAM2050;LFIAM2060;LFR101010;LFR101020;LFR102010;LFR102020;LFR103010;LFR103020,,,,-0.07994257315348594,214,,0,,0,,0,-0.1488422383004828,27,,0
BI184,8,LDA920010;LDA920020,,,,0.14972764092145818,4,,0,,0,,0,,0,0.02239839735801268,1
G29-38,1,LBHK05010,,,,,0,-0.07761930413184837,14,,0,,0,0.6464504684431507,1,,0
G64-12,4,LBOR04010,,,,-0.25236832366960726,8,,0,,0,,0,,0,,0
GD153,10,LBBD10010;LBBD10020;LBBD10030;LBBD11010;LBBD11020;LBBD11030;LBBD11040;LBBD9T010;LBBD9T020;LBBD9T030,,,,-0.5825023430006754,185,,0,,0,,0,,0,,3
GD50,5,LBEJ01010,,,,46.46465435780051,2,,0,,0,,0,,0,-0.02164951612886405,4
GD71,439,LA9T24070;LAAD02010;LAAD02020;LAAD02030;LAAD02040;LAAD02050;LAAD02060;LAAD02070;LAAD02080;LAAD02090;LAAD020A0;LAAD020B0;LAAD020C0;LAAD020D0;LAAD020E0;LAAD020F0;LAAD020G0;LAAD020H0;LAAD020I0;LAAD020J0;LAAD020K0;LAAD020L0;LAAD020M0;LAAD020N0;LAAD020O0;LAAD020P0;LAAD020Q0;LAAD020R0;LAAD020S0;LAAD020T0;LAAD020U0;LAAD020V0;LAAD020W0;LAAD020X0;LAAD03010;LAAD03020;LAAD03030;LAAD03040;LAAD03050;LAAD03060;LAAD03070;LAAD03080;LAAD03090;LAAD030A0;LAAD030B0;LAAD030C0;LAAD030D0;LAAD030E0;LAAD030F0;LAAD030G0;LAAD030H0;LBBD2T010;LBBD2T020;LBBD2T030;LBUI40010;LBUI40020;LBUI40030;LBUI40040;LBUI41010;LBUI41020;LBUI41030;LBUI41040;LBXM03010;LBXM03020;LBXM03030;LBXM03040;LBXM03050;LBXM04010;LBXM04020;LC3Y01010;LC3Y01020;LC3Y01030;LC3Y02010;LC3Y02020;LC3Y02030;LC3Y03010;LC3Y03020;LC3Y03030;LC3Y04010;LC3Y04020;LC3Y04030;LC3Y05010;LC3Y05020;LC3Y05030;LC3Y06010;LC3Y06020;LC3Y06030;LC3Y07010;LC3Y07020;LC3Y07030;LC3Y08010;LC3Y08020;LC3Y08030;LC3Y09010;LC3Y09020;LC3Y09030;LCE821010;LCE821020;LCE821030;LCE823010;LCE823020;LCE823030;LCE825010;LCE825020;LCE825030;LCE831010;LCE831020;LCE831030;LCE899010;LCE899020;LCE899030;LCPB05010;LCPB05020;LCPB05030;LCPB05040;LCPB05050;LCQZ21010;LCQZ21020;LCQZ21030;LCQZ23010;LCQZ23020;LCQZ23030;LCQZ24010;LCQZ24020;LCQZ24030;LCQZ26010;LCQZ26020;LCQZ26030;LCQZ30010;LCQZ30020;LCQZ30030;LCQZ32010;LCQZ32020;LCQZ32030;LD0Y13010;LD0Y13020;LD0Y13030;LD0Y14010;LD0Y14020;LD0Y14030;LD0Y15010;LD0Y15020;LD0Y15030;LD0Y16010;LD0Y16020;LD0Y16030;LD0Y17010;LD0Y17020;LD0Y17030;LDCV03010;LDCV03020;LDCV03030;LDCV06010;LDCV06020;LDCV06030;LDCV09010;LDCV09020;LDCV09030;LDCV18010;LDCV18020;LDCV18030;LDCV21010;LDCV21020;LDCV21030;LDCV23010;LDCV23020;LDEL05010;LDEL05020;LDEL05030;LDEL05040;LDEL05050;LDQJ02010;LDQJ02020;LDQJ02030;LDQJ04010;LDQJ04020;LDQJ04030;LDQJ06010;LDQJ06020;LDQJ06030;LDQJ09010;LDQJ09020;LDQJ09030;LDQJ11010;LDQJ11020;LDQJ11030;LDQJ13010;LDQJ13020;LDV002010;LDV002020;LDV002030;LDV004010;LDV004020;LDV004030;LDV004040;LDV006010;LDV006020;LDV006030;LDV006040;LDV009010;LDV009020;LDV009030;LDV009040;LDV011010;LDV011020;LDV011030;LDV011040;LE5G02010;LE5G02020;LE5G02030;LE5G02040;LE5G06010;LE5G06020;LE5G06030;LE5G06040;LE5G09010;LE5G09020;LE5G09030;LE5G09040;LE5G11010;LE5G11020;LE5G11030;LE5G11040;LE5G54010;LE5G54020;LE5G54030;LE5G54040;LEFE02010;LEFE02020;LEFE02030;LEFE02040;LEFE04010;LEFE04020;LEFE04030;LEFE04040;LEFE06010;LEFE06020;LEFE06030;LEFE06040;LEFE09010;LEFE09020;LEFE09030;LEFE09040;LEFE11010;LEFE11020;LEFE11030;LEFE11040;LER102010;LER102020;LER102030;LER102040;LER102050;LER104010;LER104020;LER104030;LER104040;LER104050;LER106040;LER106050;LER106060;LER106070;LER106080;LER106090;LER109010;LER109020;LER109030;LER109040;LER109050;LER111010;LER111020;LER111030;LER111040;LER111050;LER156010;LER156020;LER156030;LER156040;LER156050;LER156060;LER156070;LER156080;LER156090;LETB07010;LETB08010;LETB08020;LETB09010;LETB09020;LETB57010;LETB57020;LF2002010;LF2002020;LF2002030;LF2002040;LF2002050;LF2002060;LF2002070;LF2004010;LF2004020;LF2004040;LF2004050;LF2004060;LF2004070;LF2006030;LF2006040;LF2006050;LF2006060;LF2006070;LF2009010;LF2009020;LF2009030;LF2009040;LF2009050;LF2009060;LF2009070;LF2011010;LF2011020;LF2011030;LF2011040;LF2011050;LF2011060;LF2011070;LF2054010;LF2109010;LF2109020;LF2109030;LF2109040;LF2109050;LF2109060;LF2109070;LF4G02010;LF4G02020;LF4G02040;LF4G02050;LF4G02060;LF4G02070;LF4G04010;LF4G04020;LF4G04030;LF4G04040;LF4G04050;LF4G04060;LF4G04070;LF4G06010;LF4G06020;LF4H02010;LF4H02020;LF4H04010;LF4H04020;LF4H04030;LF4H04040;LF4H04050;LF4H04060;LF4H04070;LF4H06010;LF4H06020;LF4H06030;LF4H06040;LF4H06050;LF4H06060;LF4H06070;LF4H9C010;LF4H9C020;LF4H9C030;LF4H9C040,,,,-0.12304790495780782,134,,0,,0,,0,,0,-0.6900989969238047,3
GJ1132,5,LDLM01010;LDLM01020;LDLM01030,,,,-0.8151627037585494,3,,0,,0,,0,,0,,0
GJ1214,11,LBPI09010;LBPI09020;LCK132010;LCK132020;LCK132030,,,,-0.13905172158184395,7,,0,,0,,0,,0,,0
GJ163,5,LDLM13010;LDLM13020;LDLM13030,,,,-0.20830022049185096,4,,0,,0,,0,,0,,0
BI237,8,LDA927010;LDA927020,,,,0.03292429161157881,5,,0,,0,,0,,0,0.0076366257174285985,1
GJ176,13,LC2601010;LC2601020;LCK126010;LCK126020;LCK126030,,,,-0.41852658440397,5,,0,,0,,0,,0,,0
GJ436,19,LBPI07010;LBPI07020;LCK129010;LCK129020;LCK129030;LDI401010;LDI402010;LDI403010;LDI404010;LDI405010;LDI406010;LDI457010;LDI458010,,,,-0.4426944908802386,10,,0,,0,,0,,0,,0
GJ581,15,LBGH02010;LBGH02020;LBGH02030;LBGH02040;LBGH02050;LBGH02060;LBGH02070;LBGH04010;LBGH04020;LBGH04030;LBGH04040;LBGH04050;LCK120010;LCK120020;LCK120030,,,,-0.8601502714283527,10,,0,,0,,0,,0,,0
GJ581B,7,LBGH02010;LBGH02020;LBGH02030;LBGH02040;LBGH02050;LBGH02060;LBGH02070,,,,-0.9474273068518421,4,,0,,0,,0,,0,,0
GJ649,5,LDLM11010,,,,-0.7526671591465869,7,,0,,0,,0,,0,,0
GJ667C,3,LCK123010;LCK123020;LCK123030,,,,-0.10537089443675225,6,,0,,0,,0,,0,,0
GJ674,1,LDLM20010,,,,-0.7627702766719618,6,,0,,0,,0,,0,,0
GJ676A,8,LDLM05010;LDLMZ5010,,,,-0.6622188528166884,12,,0,,0,,0,,0,,0
GJ699,5,LDLM23010,,,,-0.7716771417675288,8,,0,,0,,0,,0,,0
GJ832,7,LBPI05010;LBPI05020;LBPI05030;LBPI05040;LCK117010;LCK117020;LCK117030,,,,-0.16714341830662233,6,,0,,0,,0,,0,,0
GJ849,9,LDLM16010;LDLM16020;LDLM16030;LDLM17010,,,,-0.3312134478628903,2,,0,,0,,0,,0,,0
GJ876,7,LBPI03010;LBPI03020;LBPI03030;LBPI03040;LCK138010;LCK138020;LCK138030,,,,-0.3141272514246414,5,,0,,0,,0,,0,,0
H1504+65,11,LB3301020;LB3351010;LB3351020,,,,,0,-0.04003976999418492,22,,0,,0,-0.533103919633007,1,,0
BI253,8,LDA930010;LDA930020,,,,-0.028739445509691246,6,,0,,0,,0,,0,-0.032573228913185336,2
CD-33-10685,10,LD7GA2010;LD7GA2020;LD7GA2030;LD7GA2040;LD7GA2050,,,,-0.6427129310326904,1,,0,,0,,0,,0,,0
CHX18N,4,LEIN1C010;LEINAC010,,,,-0.8775108592942902,1,,0,,0,,0,,0,,0
FAIRALL9,7,LBRY03010;LBRY03020,,,,,0,0.014927964347239975,14,-0.8277589186945836,8,0.7289113110977246,44,0.33047036973225086,80,-0.8258397806263313,1
G191B2B,318,LBBDA1010;LBBDA1020;LBBDA1030;LBBDA1040;LBBDA1050;LBBDA1060;LBBDA1070;LBBDA2010;LBBDA2020;LBBDA2030;LBBDA2040;LBBDA2050;LBBDA2060;LBBDA2070;LBBDA3010;LBBDA3020;LBBDA3030;LBBDA3040;LBBDA3050;LBBDA3060;LBBDA3070;LBBDA4010;LBBDA4020;LBBDA4030;LBBDA4040;LBBDA4050;LBBDA4060;LBBDA4070;LBBDA5010;LBBDA5020;LBBDA5030;LBBDA5040;LBBDA5050;LBBDA5060;LBBDA5070;LBBDAB010;LBBDAB020;LBBDAB030;LBBDAB040;LBBDAC010;LBBDAC020;LBBDAD010;LBBDAD020;LBBDAD030;LBBDAD040;LBBDAE010;LBBDAE020;LBBDAE030;LBBDAE040;LBBDAF010;LBBDAF020;LBBDAF030;LBBDAF040;LBBDAG010;LBBDAG020;LBBDAG030;LBBDAG040;LBBDAH010;LBBDAH020;LBBDAH030;LBBDAH040;LBBDAJ010;LBBDAJ020;LBBDAJ030;LBBDAJ040;LBBDAK010;LBBDAK020;LBBDAK030;LBBDAK040;LBBDNC010;LBBDNC020;LBBDNC030;LBBDNC040;LBNGM1010;LBNGM1020;LBNGM1030;LBNGM1040;LBNGM1050;LBNGM1060;LBNGM1070;LBNGM2010;LBNGM2020;LBNGM2030;LBNGM2040;LBNGM2050;LBNGM2060;LBNGM2070;LBNGM3010;LBNGM3020;LBNGM3030;LBNGM3040;LBNGM3050;LBNGM3060;LBNGM3070;LBUJM1010;LBUJM1020;LBUJM1030;LBUJM1040;LBUJM1050;LBUJM2010;LBUJM2020;LBUJM2030;LBUJM2040;LBUJM2050;LBUJM3010;LBUJM3020;LBUJM3030;LBUJM3040;LBUJM3050;LBUJM4010;LBUJM4020;LBUJM4030;LBUJM4040;LBUJM4050;LC3ZM1010;LC3ZM1020;LC3ZM1030;LC3ZM1040;LC3ZM1050;LC3ZM3010;LC3ZM3020;LC3ZM3030;LC3ZM3040;LC3ZM3050;LC3ZM4010;LC3ZM4020;LC3ZM4030;LC3ZM4040;LC3ZM4050;LCFEM1010;LCFEM1020;LCFEM1030;LCFEM1040;LCFEM1050;LCFEM2010;LCFEM2020;LCFEM2030;LCFEM2040;LCFEM2050;LCFEM3010;LCFEM3020;LCFEM3030;LCFEM3040;LCFEM3050;LCRHM1010;LCRHM1020;LCRHM1030;LCRHM1040;LCRHM1050;LCRHM2010;LCRHM2020;LCRHM2030;LCRHM2040;LCRHM2050;LCRHM3010;LCRHM3020;LCRHM3030;LCRHM3040;LCRHM3050;LCWT02010;LD20M1010;LD20M1020;LD20M1030;LD20M1040;LD20M1050;LD20M2010;LD20M2020;LD20M2030;LD20M2040;LD20M2050;LDCZM1010;LDCZM1020;LDCZM1030;LDCZM1040;LDCZM1050;LDCZM1060;LDCZM1070;LDCZM1080;LDCZM1090;LDCZM2010;LDCZM2020;LDCZM2030;LDCZM2040;LDCZM2050;LDCZM2060;LDCZM2070;LDCZM2080;LDCZM2090;LDQKM1010;LDQKM1020;LDQKM1030;LDQKM1040;LDQKM1050;LDQKM1060;LDQKM1070;LDQKM1080;LDQKM1090;LDQKM2010;LDQKM2020;LDQKM2030;LDQKM2040;LDQKM2050;LDQKM2060;LDQKM2070;LDQKM2080;LDQKM2090;LDUIM1010;LDUIM1020;LDUIM1030;LDUIM1040;LDUIM1050;LDUIM1060;LDUIM2010;LDUIM2020;LDUIM2030;LDUIM2040;LDUIM2050;LDUIM2060;LE0SM1010;LE0SM1020;LE0SM1030;LE0SM1040;LE0SM1050;LE0SM1060;LE0SM2010;LE0SM2020;LE0SM2030;LE0SM2040;LE0SM2050;LE0SM2060;LEEJM1010;LEEJM1020;LEEJM1030;LEEJM1040;LEEJM1050;LEEJM1060;LEEJM2010;LEEJM2020;LEEJM2030;LEEJM2040;LEEJM2050;LEEJM2060;LEKCM1010;LEKCM1020;LEKCM1030;LEKCM1040;LEKCM1050;LEKCM1060;LEKCM2010;LEKCM2020;LEKCM2030;LEKCM2040;LEKCM2050;LEKCM2060;LEV0M1010;LEV0M1020;LEV0M1030;LEV0M1040;LEV0M1050;LEV0M1060;LEV0M2010;LEV0M2020;LEV0M2030;LEV0M2040;LEV0M2050;LEV0M2060;LF4SM1010;LF4SM1020;LF4SM1030;LF4SM1040;LF4SM1050;LF4SM1060;LF4SM2010;LF4SM2020;LF4SM2030;LF4SM2040;LF4SM2050;LF4SM2060;LFIAM1010;LFIAM1020;LFIAM1030;LFIAM1040;LFIAM1050;LFIAM1060;LFIAM2010;LFIAM2020;LFIAM2030;LFIAM2040;LFIAM2050;LFIAM2060;LFR101010;LFR101020;LFR102010;LFR102020;LFR103010;LFR103020,,,,-0.07994257315348594,214,,0,,0,,0,-0.1488422383004828,27,,0
H1821+643,8,LBGL33010;LBGL33020;LBGL33030;LBGL33040;LBGL33050,,,,-0.1486448096162262,73,,0,-0.788273575007881,128,-0.2119497616565546,92,-0.31886036838321,9,-0.18557563584840697,8
G29-38,1,LBHK05010,,,,,0,-0.07761930413184837,14,,0,,0,0.6464504684431507,1,,0
G64-12,4,LBOR04010,,,,-0.25236832366960726,8,,0,,0,,0,,0,,0
GD153,10,LBBD10010;LBBD10020;LBBD10030;LBBD11010;LBBD11020;LBBD11030;LBBD11040;LBBD9T010;LBBD9T020;LBBD9T030,,,,-0.5825023430006754,185,,0,,0,,0,,0,,3
GD50,5,LBEJ01010,,,,46.46465435780051,2,,0,,0,,0,,0,-0.02164951612886405,4
HAT-P-11,15,LD9M17010;LD9M18010;LD9MH1010,,,,0.8148127588763384,20,,0,,0,,0,,0,,0
GD71,439,LA9T24070;LAAD02010;LAAD02020;LAAD02030;LAAD02040;LAAD02050;LAAD02060;LAAD02070;LAAD02080;LAAD02090;LAAD020A0;LAAD020B0;LAAD020C0;LAAD020D0;LAAD020E0;LAAD020F0;LAAD020G0;LAAD020H0;LAAD020I0;LAAD020J0;LAAD020K0;LAAD020L0;LAAD020M0;LAAD020N0;LAAD020O0;LAAD020P0;LAAD020Q0;LAAD020R0;LAAD020S0;LAAD020T0;LAAD020U0;LAAD020V0;LAAD020W0;LAAD020X0;LAAD03010;LAAD03020;LAAD03030;LAAD03040;LAAD03050;LAAD03060;LAAD03070;LAAD03080;LAAD03090;LAAD030A0;LAAD030B0;LAAD030C0;LAAD030D0;LAAD030E0;LAAD030F0;LAAD030G0;LAAD030H0;LBBD2T010;LBBD2T020;LBBD2T030;LBUI40010;LBUI40020;LBUI40030;LBUI40040;LBUI41010;LBUI41020;LBUI41030;LBUI41040;LBXM03010;LBXM03020;LBXM03030;LBXM03040;LBXM03050;LBXM04010;LBXM04020;LC3Y01010;LC3Y01020;LC3Y01030;LC3Y02010;LC3Y02020;LC3Y02030;LC3Y03010;LC3Y03020;LC3Y03030;LC3Y04010;LC3Y04020;LC3Y04030;LC3Y05010;LC3Y05020;LC3Y05030;LC3Y06010;LC3Y06020;LC3Y06030;LC3Y07010;LC3Y07020;LC3Y07030;LC3Y08010;LC3Y08020;LC3Y08030;LC3Y09010;LC3Y09020;LC3Y09030;LCE821010;LCE821020;LCE821030;LCE823010;LCE823020;LCE823030;LCE825010;LCE825020;LCE825030;LCE831010;LCE831020;LCE831030;LCE899010;LCE899020;LCE899030;LCPB05010;LCPB05020;LCPB05030;LCPB05040;LCPB05050;LCQZ21010;LCQZ21020;LCQZ21030;LCQZ23010;LCQZ23020;LCQZ23030;LCQZ24010;LCQZ24020;LCQZ24030;LCQZ26010;LCQZ26020;LCQZ26030;LCQZ30010;LCQZ30020;LCQZ30030;LCQZ32010;LCQZ32020;LCQZ32030;LD0Y13010;LD0Y13020;LD0Y13030;LD0Y14010;LD0Y14020;LD0Y14030;LD0Y15010;LD0Y15020;LD0Y15030;LD0Y16010;LD0Y16020;LD0Y16030;LD0Y17010;LD0Y17020;LD0Y17030;LDCV03010;LDCV03020;LDCV03030;LDCV06010;LDCV06020;LDCV06030;LDCV09010;LDCV09020;LDCV09030;LDCV18010;LDCV18020;LDCV18030;LDCV21010;LDCV21020;LDCV21030;LDCV23010;LDCV23020;LDEL05010;LDEL05020;LDEL05030;LDEL05040;LDEL05050;LDQJ02010;LDQJ02020;LDQJ02030;LDQJ04010;LDQJ04020;LDQJ04030;LDQJ06010;LDQJ06020;LDQJ06030;LDQJ09010;LDQJ09020;LDQJ09030;LDQJ11010;LDQJ11020;LDQJ11030;LDQJ13010;LDQJ13020;LDV002010;LDV002020;LDV002030;LDV004010;LDV004020;LDV004030;LDV004040;LDV006010;LDV006020;LDV006030;LDV006040;LDV009010;LDV009020;LDV009030;LDV009040;LDV011010;LDV011020;LDV011030;LDV011040;LE5G02010;LE5G02020;LE5G02030;LE5G02040;LE5G06010;LE5G06020;LE5G06030;LE5G06040;LE5G09010;LE5G09020;LE5G09030;LE5G09040;LE5G11010;LE5G11020;LE5G11030;LE5G11040;LE5G54010;LE5G54020;LE5G54030;LE5G54040;LEFE02010;LEFE02020;LEFE02030;LEFE02040;LEFE04010;LEFE04020;LEFE04030;LEFE04040;LEFE06010;LEFE06020;LEFE06030;LEFE06040;LEFE09010;LEFE09020;LEFE09030;LEFE09040;LEFE11010;LEFE11020;LEFE11030;LEFE11040;LER102010;LER102020;LER102030;LER102040;LER102050;LER104010;LER104020;LER104030;LER104040;LER104050;LER106040;LER106050;LER106060;LER106070;LER106080;LER106090;LER109010;LER109020;LER109030;LER109040;LER109050;LER111010;LER111020;LER111030;LER111040;LER111050;LER156010;LER156020;LER156030;LER156040;LER156050;LER156060;LER156070;LER156080;LER156090;LETB07010;LETB08010;LETB08020;LETB09010;LETB09020;LETB57010;LETB57020;LF2002010;LF2002020;LF2002030;LF2002040;LF2002050;LF2002060;LF2002070;LF2004010;LF2004020;LF2004040;LF2004050;LF2004060;LF2004070;LF2006030;LF2006040;LF2006050;LF2006060;LF2006070;LF2009010;LF2009020;LF2009030;LF2009040;LF2009050;LF2009060;LF2009070;LF2011010;LF2011020;LF2011030;LF2011040;LF2011050;LF2011060;LF2011070;LF2054010;LF2109010;LF2109020;LF2109030;LF2109040;LF2109050;LF2109060;LF2109070;LF4G02010;LF4G02020;LF4G02040;LF4G02050;LF4G02060;LF4G02070;LF4G04010;LF4G04020;LF4G04030;LF4G04040;LF4G04050;LF4G04060;LF4G04070;LF4G06010;LF4G06020;LF4H02010;LF4H02020;LF4H04010;LF4H04020;LF4H04030;LF4H04040;LF4H04050;LF4H04060;LF4H04070;LF4H06010;LF4H06020;LF4H06030;LF4H06040;LF4H06050;LF4H06060;LF4H06070;LF4H9C010;LF4H9C020;LF4H9C030;LF4H9C040,,,,-0.12304790495780782,134,,0,,0,,0,,0,-0.6900989969238047,3
HD103095,8,LB9801010;LB9801020;LB9801030;LB9801040;LB9801050;LB9801060,,,,3.417679801553854,5,,0,,0,950.358546869218,12,,0,,0
GJ1132,5,LDLM01010;LDLM01020;LDLM01030,,,,-0.8151627037585494,3,,0,,0,,0,,0,,0
HD110058,15,LE4V01010;LE4V19010;LE4V20010;LE4V21010,,,,,7,,0,,0,,0,,0,,0
GJ1214,11,LBPI09010;LBPI09020;LCK132010;LCK132020;LCK132030,,,,-0.13905172158184395,7,,0,,0,,0,,0,,0
HD117555,44,LBKM01010;LBKM01020;LBKM02010;LBKM02020;LBKM03010;LBKM03020;LBKM04010;LBKM05010;LBKM05020;LBKM06010;LBKM06020;LBKM07010;LBKM07020;LBKM08010;LBKM08020;LBKM09010;LBKM09020;LBKM10010;LBKM10020;LBKM11010;LBKM11020;LBME04010;LBME04020;LBME04030;LBME04040,,,,0.5578158731238646,1,,0,,0,,0,,0,,1
HD129333,10,LB3E34010;LBOQ02010;LBOQ02020,,,,-0.7570650407277025,2,,0,23.153824796786477,19600,,0,-0.6013041670541872,1,,2
HD131488,12,LE4V05010;LE4V22010;LE4V23010,,,,,4,,0,,0,,0,,0,,0
GJ163,5,LDLM13010;LDLM13020;LDLM13030,,,,-0.20830022049185096,4,,0,,0,,0,,0,,0
GJ176,13,LC2601010;LC2601020;LCK126010;LCK126020;LCK126030,,,,-0.41852658440397,5,,0,,0,,0,,0,,0
GJ436,19,LBPI07010;LBPI07020;LCK129010;LCK129020;LCK129030;LDI401010;LDI402010;LDI403010;LDI404010;LDI405010;LDI406010;LDI457010;LDI458010,,,,-0.4426944908802386,10,,0,,0,,0,,0,,0
GJ581,15,LBGH02010;LBGH02020;LBGH02030;LBGH02040;LBGH02050;LBGH02060;LBGH02070;LBGH04010;LBGH04020;LBGH04030;LBGH04040;LBGH04050;LCK120010;LCK120020;LCK120030,,,,-0.8601502714283527,10,,0,,0,,0,,0,,0
GJ581B,7,LBGH02010;LBGH02020;LBGH02030;LBGH02040;LBGH02050;LBGH02060;LBGH02070,,,,-0.9474273068518421,4,,0,,0,,0,,0,,0
HD131873,2,LB3E47010,,,,,1,,0,0.17219750673093598,4,,0,,2,,1
GJ649,5,LDLM11010,,,,-0.7526671591465869,7,,0,,0,,0,,0,,0
HD150798,2,LB3E40010,,,,-0.11811168399543541,4,,0,,0,,38,0.2757503342879768,9,,0
GJ667C,3,LCK123010;LCK123020;LCK123030,,,,-0.10537089443675225,6,,0,,0,,0,,0,,0
GJ674,1,LDLM20010,,,,-0.7627702766719618,6,,0,,0,,0,,0,,0
GJ676A,8,LDLM05010;LDLMZ5010,,,,-0.6622188528166884,12,,0,,0,,0,,0,,0
GJ699,5,LDLM23010,,,,-0.7716771417675288,8,,0,,0,,0,,0,,0
GJ832,7,LBPI05010;LBPI05020;LBPI05030;LBPI05040;LCK117010;LCK117020;LCK117030,,,,-0.16714341830662233,6,,0,,0,,0,,0,,0
HD164058,2,LB3E30010,,,,0.5089178340763162,21,,0,,0,2.8870501691935213,56,0.3260952557718238,3,,2
GJ849,9,LDLM16010;LDLM16020;LDLM16030;LDLM17010,,,,-0.3312134478628903,2,,0,,0,,0,,0,,0
GJ876,7,LBPI03010;LBPI03020;LBPI03030;LBPI03040;LCK138010;LCK138020;LCK138030,,,,-0.3141272514246414,5,,0,,0,,0,,0,,0
HD172555,16,LEZ501010;LEZ507010;LEZ511010;LEZ513010;LEZ515010;LEZ555010;LEZ559010;LEZ561010,,,,,12,,0,,0,,0,,0,0.8261220694493265,2
HD187691,102,LAA006010;LAA006060;LABQ01010;LABQ01020;LABQ01030;LABQ01040;LABQ01050;LABQ01060;LABQ01070;LABQ01080;LABQ010A0;LABQ010B0;LABQ010C0;LABQ010D0;LABQ010E0;LABQ010F0;LABQ010G0;LABQ010H0;LABQ010I0;LABQ010J0;LABQ010K0;LABQ010L0;LABQ010M0;LABQ010N0;LABQ010O0;LABQ010P0;LBB802010;LBB802020;LBB802030;LBB802040;LBB802050;LBB805010;LBB805020;LBB805030;LBB805040;LBB805050;LBB806010;LBB806020;LBB806030;LBB806040;LBB806050;LBB807010;LBB807020;LBB807030;LBB807040;LBB807050;LBB808010;LBB808020;LBB808030;LBB808040;LBB808050;LBB809010;LBB809020;LBB809030;LBB809040;LBB809050,,,,-0.0690575428252759,1,,0,,0,,0,,0,,0
H1504+65,11,LB3301020;LB3351010;LB3351020,,,,,0,-0.04003976999418492,22,,0,,0,-0.533103919633007,1,,0
HD199288,13,LB3Y01020;LB3Y01030;LB3Y01040;LB3Y01050;LB3Y01060;LB3Y02040;LB3Y02050;LB3Y02060;LB3Y02070,,,,,1,,0,,0,,0,,0,,0
HD201091,2,LB3E14010,,,,,1,,0,,12,,4,-0.1715241287354653,2,,1
HD204827,8,LB3S04010;LB3S04020;LB3S04030;LB3S04040;LB3S04050;LB3S04060;LB3S04070;LB3S04080,,,,0.08411764582679862,8,-0.47247923871292247,48,,0,,0,,0,7.293732346958573,3
H1821+643,8,LBGL33010;LBGL33020;LBGL33030;LBGL33040;LBGL33050,,,,-0.1486448096162262,73,,0,-0.788273575007881,128,-0.2119497616565546,92,-0.31886036838321,9,-0.18557563584840697,8
HAT-P-11,15,LD9M17010;LD9M18010;LD9MH1010,,,,0.8148127588763384,20,,0,,0,,0,,0,,0
HD103095,8,LB9801010;LB9801020;LB9801030;LB9801040;LB9801050;LB9801060,,,,3.417679801553854,5,,0,,0,950.358546869218,12,,0,,0
HD110058,15,LE4V01010;LE4V19010;LE4V20010;LE4V21010,,,,,7,,0,,0,,0,,0,,0
HD271791,18,LBJ403010;LBJ403020;LBJ403030;LBJ403040;LBJ403050;LBJ403060;LBJ403070;LBJ403080,,,,0.013549991624176328,8,,0,,0,,0,,0,,0
HD117555,44,LBKM01010;LBKM01020;LBKM02010;LBKM02020;LBKM03010;LBKM03020;LBKM04010;LBKM05010;LBKM05020;LBKM06010;LBKM06020;LBKM07010;LBKM07020;LBKM08010;LBKM08020;LBKM09010;LBKM09020;LBKM10010;LBKM10020;LBKM11010;LBKM11020;LBME04010;LBME04020;LBME04030;LBME04040,,,,0.5578158731238646,1,,0,,0,,0,,0,,1
HD39587,2,LB3E06010,,,,-0.021131508333162748,7,,0,,0,,80,,0,,1
HD129333,10,LB3E34010;LBOQ02010;LBOQ02020,,,,-0.7570650407277025,2,,0,23.153824796786477,19600,,0,-0.6013041670541872,1,,2
HD131488,12,LE4V05010;LE4V22010;LE4V23010,,,,,4,,0,,0,,0,,0,,0
HD131873,2,LB3E47010,,,,,1,,0,0.17219750673093598,4,,0,,2,,1
HD150798,2,LB3E40010,,,,-0.11811168399543541,4,,0,,0,,38,0.2757503342879768,9,,0
HD40307,0,,,,,,4,,0,,0,,0,,0,,0
HD432,2,LB3E31010,,,,-0.09258741580004667,18,,0,-0.04127611335122266,92,,8,,0,,1
HD72905,2,LB3E26010,,,,0.07085882829711018,3,,0,,0,,0,,0,,3
HD164058,2,LB3E30010,,,,0.5089178340763162,21,,0,,0,2.8870501691935213,56,0.3260952557718238,3,,2
HD78647,2,LB3E54010,,,,,0,,0,,0,7.526178194056937,22,,0,,0
HD82210,2,LB3E23010,,,,0.18350068160202107,4,,0,,0,,0,,0,,2
HD172555,16,LEZ501010;LEZ507010;LEZ511010;LEZ513010;LEZ515010;LEZ555010;LEZ559010;LEZ561010,,,,,12,,0,,0,,0,,0,0.8261220694493265,2
HD187691,102,LAA006010;LAA006060;LABQ01010;LABQ01020;LABQ01030;LABQ01040;LABQ01050;LABQ01060;LABQ01070;LABQ01080;LABQ010A0;LABQ010B0;LABQ010C0;LABQ010D0;LABQ010E0;LABQ010F0;LABQ010G0;LABQ010H0;LABQ010I0;LABQ010J0;LABQ010K0;LABQ010L0;LABQ010M0;LABQ010N0;LABQ010O0;LABQ010P0;LBB802010;LBB802020;LBB802030;LBB802040;LBB802050;LBB805010;LBB805020;LBB805030;LBB805040;LBB805050;LBB806010;LBB806020;LBB806030;LBB806040;LBB806050;LBB807010;LBB807020;LBB807030;LBB807040;LBB807050;LBB808010;LBB808020;LBB808030;LBB808040;LBB808050;LBB809010;LBB809020;LBB809030;LBB809040;LBB809050,,,,-0.0690575428252759,1,,0,,0,,0,,0,,0
HD84937,4,LBOR02010,,,,,2,,0,,0,,14,,0,,0
HD199288,13,LB3Y01020;LB3Y01030;LB3Y01040;LB3Y01050;LB3Y01060;LB3Y02040;LB3Y02050;LB3Y02060;LB3Y02070,,,,,1,,0,,0,,0,,0,,0
HD85512,3,LCK105010;LCK105020;LCK105030,,,,-0.009839372406611823,4,,0,,0,,0,,0,,0
HD201091,2,LB3E14010,,,,,1,,0,,12,,4,-0.1715241287354653,2,,1
HD93205,8,LC3N02010;LC3N02020,,,,,6,,0,,4,,0,,0,-0.03196687846413129,4
HD97658,3,LCK111010;LCK111020;LCK111030,,,,0.08032079547492384,3,,0,,0,,0,,0,,0
HE0238-1904,25,LB6804030;LB6804040;LB6804050;LB6804060;LB6804070;LB6804080;LB6804090;LB68040A0;LB68040B0;LB68040C0;LB68040D0;NONE;LET302010;LET302020,,,,0.32310911410577436,1,,0,,0,,0,,0,-0.17426662771706064,7
HD204827,8,LB3S04010;LB3S04020;LB3S04030;LB3S04040;LB3S04050;LB3S04060;LB3S04070;LB3S04080,,,,0.08411764582679862,8,-0.47247923871292247,48,,0,,0,,0,7.293732346958573,3
HE0435-5304,13,LB4R06040;LB4R06050;LB4R06060;LB4R06070;LB4R06080;LB4R06090;LB4R060A0;LB4R060B0;LB4R060C0;LB4R060D0;LB4R07010,,,,0.24668069531879253,1,,0,,0,,0,,0,,0
HE0439-5254,13,LB4R04030;LB4R04040;LB4R04050;LB4R04060;LB4R04070;LB4R04080;LB4R04090;LB4R040A0;LB4R040B0;LB4R040C0;LB4R05010,,,,-0.16353712832570932,1,,0,,0,,0,,0,,0
HE2347-4342,38,LB6D01050;LB6D02030;LB6D02040;LB6D03030;LB6D03040;LC8I01010;LC8I02010;LC8I02020;LC8I03010,,,,-0.2754589391050413,14,,0,,0,,0,0.057366285382344874,1,-0.36781401407368486,10
HS0747+4259,6,LDGT02010,,,,100.7911278771212,12,,0,,0,,0,0.03867940170651926,1,,0
HD271791,18,LBJ403010;LBJ403020;LBJ403030;LBJ403040;LBJ403050;LBJ403060;LBJ403070;LBJ403080,,,,,0,,0,,0,,0,,0,,0
HD39587,2,LB3E06010,,,,-0.021131508333162748,7,,0,,0,,80,,0,,1
HS1700+6416,24,LB6D23010;LC8I04010;LC8I05010;LC8I05020;LC8I06010;LC8I07010,,,,-0.02623470803054369,42,0.5515603514945273,259,0.4860378080683031,123,,0,,0,1.583387050340924,13
HD40307,3,LCK108010;LCK108020;LCK108030,,,,-0.0521812283333744,4,,0,,0,,0,,0,,0
IRAS08339+6517,2,LBII01010;LBII01020,,,,-0.8756134133799809,4,,0,,0,-0.012771900815729063,10,,0,1.3006495748793503,4
IRAS13224-3809,9,LDJR01010;LDJR01020;LDJR01030,,,,0.606639326723762,7,,0,,0,,0,,0,,0
HD432,2,LB3E31010,,,,-0.09258741580004667,18,,0,-0.04127611335122266,92,,8,,0,,1
HD72905,2,LB3E26010,,,,0.07085882829711018,3,,0,,0,,0,,0,,3
HD78647,2,LB3E54010,,,,,0,,0,,0,7.526178194056937,22,,0,,0
HD82210,2,LB3E23010,,,,0.18350068160202107,4,,0,,0,,0,,0,,2
HD84937,4,LBOR02010,,,,,2,,0,,0,,14,,0,,0
KIC11560431,10,LBW001010;LBW001020;LBW001030;LBW001040;LBW001050,,,,-0.9211710284790474,2,,0,,0,,0,,0,,0
LBQS1435-0134,12,LCO722010;LCO722020;LCO722030,,,,0.8173549449231354,8,,0,,0,,0,,0,,0
HD85512,3,LCK105010;LCK105020;LCK105030,,,,-0.009839372406611823,4,,0,,0,,0,,0,,0
LDS749B,33,LA9T01010;LA9T01020;LA9T01030;LA9T01050;LA9T01060;LA9T01070;LA9T11010;LA9T11020;LA9T11030;LA9T11040;LA9T11050;LA9T11060;LA9T11070;LA9T12010;LA9T12020;LA9T12030;LA9T12040;LA9T12050;LA9T71030;LA9T71040;LA9T71050;LBB91T010;LBB91T020;LBB91T030;LBB91T040;LBB92T010;LBB92T020,,,,0.0011733862970321842,10,,0,,0,,0,0.01006203100485146,4,,0
M-87,8,LD6C03010;LD6C05010,,,,-0.8069785852130518,28,,0,,0,,0,,0,,0
HD93205,8,LC3N02010;LC3N02020,,,,,6,,0,,4,,0,,0,-0.03196687846413129,4
HD97658,3,LCK111010;LCK111020;LCK111030,,,,0.08032079547492384,3,,0,,0,,0,,0,,0
MARK509,10,LBDH01010;LBDH01020;LBDH01030;LBDH01040;LBDH02010;LBDH02020;LBDH02030;LBDH02040,,,,,0,,0,,0,-0.436045190594654,59,,0,,0
HE0238-1904,25,LB6804030;LB6804040;LB6804050;LB6804060;LB6804070;LB6804080;LB6804090;LB68040A0;LB68040B0;LB68040C0;LB68040D0;NONE;LET302010;LET302020,,,,0.32310911410577436,1,,0,,0,,0,,0,-0.17426662771706064,7
MR2251-178,8,LBGB03010;LBGB03020;LBGB03030;LBGB03040;LBGB03050;LBGB03060;LBGB03070;LBGB03080,,,,0.06414390295577743,6,-0.34235784286777254,34,,0,,0,-0.250253099963582,4,,0
MRK-1044,8,LBGU17010;LBGU17020;LBGU17030;LBGU17040;LBGU17050;LBGU17060;LBGU17070;LBGU17080,,,,,3,,0,,0,,0,,0,,0
MRK-110,8,LDYE01010;LDYE01020;LDYE01030,,,,0.21716407371315133,24,,0,,0,,0,,0,,0
MRK-231,24,LC8W01010;LC8W01020,,,,-0.3901402010862708,4,,0,,0,,0,,0,,0
HE0435-5304,13,LB4R06040;LB4R06050;LB4R06060;LB4R06070;LB4R06080;LB4R06090;LB4R060A0;LB4R060B0;LB4R060C0;LB4R060D0;LB4R07010,,,,0.24668069531879253,1,,0,,0,,0,,0,,0
MRK-279,8,LBGU21010;LBGU21020;LBGU21030;LBGU21040;LBGU21050;LBGU21060;LBGU21070;LBGU21080,,,,0.21880737424213914,8,,0,,0,,0,12.473917507287187,9,,0
HE0439-5254,13,LB4R04030;LB4R04040;LB4R04050;LB4R04060;LB4R04070;LB4R04080;LB4R04090;LB4R040A0;LB4R040B0;LB4R040C0;LB4R05010,,,,-0.16353712832570932,1,,0,,0,,0,,0,,0
MRK-509,9,LC0T01010;LC0T01020;LC0T01030,,,,-0.4448120393805738,34,,0,,0,,0,,0,,0
HE2347-4342,38,LB6D01050;LB6D02030;LB6D02040;LB6D03030;LB6D03040;LC8I01010;LC8I02010;LC8I02020;LC8I03010,,,,-0.2754589391050413,14,,0,,0,,0,0.057366285382344874,1,-0.36781401407368486,10
HS0747+4259,6,LDGT02010,,,,100.7911278771212,12,,0,,0,,0,0.03867940170651926,1,,0
MRK-817,130,LEDE1B010;LEDE1B020;LEDE1B030;LEDE3N010;LEDE3N020;LEDE3N030;LEDE3N040;LF0J04010;LF0J04020;LF0J04030;LF0J05010;LF0J05020;LF0J05030;LF0J06010;LF0J06020;LF0J06030;LF0J09010;LF0J09020;LF0J09030;LF0J10010;LF0J10020;LF0J10030;LF0J11010;LF0J11020;LF0J11030;LF0J14010;LF0J14030;LF0J58010;LF0J58020;LF0J58030;LF0JA5010;LF0JA5020;LF0JA5030;LF0JA5040;LF7I01010;LF7I01020;LF7I01030;LF7I02020;LF7I02030;LF7I02010;LF7I03010;LF7I03020;LF7I03030;LF7I04010;LF7I04020;LF7I04030,,,,-0.34113725131374417,25,,0,,0,,0,,0,,0
MRK290,8,LB4Q02010;LB4Q02020;LB4Q02030;LB4Q02040;LB4Q02050;LB4Q02060;LB4Q02070;LB4Q02080,,,,,0,,0,,0,,0,,0,0.18665877773789455,3
MRK335,13,LB4Q05010;LB4Q05020;LB4Q05030;LB4Q05040;LB4Q06010;LB4Q06020;LB4Q06030;LB4Q06040;LB4Q06050;LB4Q06060;LB4Q06070;LB4Q06080,,,,-0.24709397671519717,7,0.9196600610636076,15,,0,,0,,0,0.4001312171498297,2
MRK421,8,LB4R01010;LB4R01020;LB4R01030;LB4R01040;LB4R01050;LB4R01060;LB4R01070;LB4R01080,,,,,0,-0.7001435633372488,48,,0,,0,,0,-0.5200799312509261,4
MRK486,3,LBI607010;LBI607020,,,,,0,,48,,0,,0,,0,1.4318598306527948,1
MRK817,16,LACD01010;LACD01020;LACD01030;LACD01040;LACD01050;LACD01060;LACD01070;LACD01080;LB4Q01010;LB4Q01020;LB4Q01030;LB4Q01040;LB4Q01050;LB4Q01060;LB4Q01070;LB4Q01080,,,,,0,,0,,0,,0,,0,-0.20425992235304985,4
HS1700+6416,24,LB6D23010;LC8I04010;LC8I05010;LC8I05020;LC8I06010;LC8I07010,,,,-0.02623470803054369,42,0.5515603514945273,259,0.4860378080683031,123,,0,,0,1.583387050340924,13
IRAS08339+6517,2,LBII01010;LBII01020,,,,-0.8756134133799809,4,,0,,0,-0.012771900815729063,10,,0,1.3006495748793503,4
IRAS13224-3809,9,LDJR01010;LDJR01020;LDJR01030,,,,0.606639326723762,7,,0,,0,,0,,0,,0
MRK876,10,LB4F05010;LB4F05020;LB4F05030;LB4F05040;LB4F05050;LB4Q03010;LB4Q03020;LB4Q03030;LB4Q03040,,,,-0.1664824370692849,10,,0,,0,,0,-0.3455905320018917,5,-0.2481589436728614,5
NGC-3125,8,LE4GP2010;LE4GP2020,,,,,1,,0,,0,,0,,0,,0
NGC-3516,16,LBGU58010;LBGU58020;LBGU58030;LBGU58040;LBGU58050;LBGU58060;LBGU58070;LBGU58080;LF3F01010;LF3F01020;LF3F01030;LF3F01040,,,,,3,,0,,0,,0,,0,,0
KIC11560431,10,LBW001010;LBW001020;LBW001030;LBW001040;LBW001050,,,,-0.9211710284790474,2,,0,,0,,0,,0,,0
LBQS1435-0134,12,LCO722010;LCO722020;LCO722030,,,,0.8173549449231354,8,,0,,0,,0,,0,,0
NGC-3783,38,LBGU19010;LBGU19020;LBGU19030;LBGU19040;LBGU19050;LBGU19060;LBGU19070;LBGU19080;LC3X01010;LC3X01020;LC3X01030;LC3X01040;LC3X01050;LC3X01060;LC3X01070;LC3X01080;LD3E03010;LD3E03020;LD3E03030;LD3E03040;LD3E04010;LD3E04020;LD3E04030;LD3E04040;LF3701010;LF3701020;LF3701030;LF3702010;LF3702020;LF3702030,,,,,3,,0,,0,,0,,0,,0
LDS749B,33,LA9T01010;LA9T01020;LA9T01030;LA9T01050;LA9T01060;LA9T01070;LA9T11010;LA9T11020;LA9T11030;LA9T11040;LA9T11050;LA9T11060;LA9T11070;LA9T12010;LA9T12020;LA9T12030;LA9T12040;LA9T12050;LA9T71030;LA9T71040;LA9T71050;LBB91T010;LBB91T020;LBB91T030;LBB91T040;LBB92T010;LBB92T020,,,,0.0011733862970321842,10,,0,,0,,0,0.01006203100485146,4,,0
NGC-4395,8,LBGU20010;LBGU20020;LBGU20030;LBGU20040;LBGU20050;LBGU20060;LBGU20070;LBGU20080,,,,,3,,0,,0,,0,,0,,0
M-87,8,LD6C03010;LD6C05010,,,,-0.8069785852130518,28,,0,,0,,0,,0,,0
NGC-5548,450,LBGU22010;LBGU22020;LBGU22030;LBGU22040;LBGU22050;LBGU22060;LBGU22070;LBGU22080;LC7003010;LC7003020;LC7003030;LC7003040;LC7003050;LC7004010;LC7004020;LC7004030;LC7004040;LC7004050;LC7005010;LC7005020;LC7005030;LC7005040;LC7005050;LC7006010;LC7006020;LC7006030;LC7006040;LC7006050;LCAO07010;LCAO07020;LCAO08010;LCAO08020;LCAO08030;LCAO08040;LCAO09010;LCAO09020;LCAO09030;LCAO09040;LCAO0A010;LCAO0A020;LCAO0A030;LCAO0A040;LCAO0B010;LCAO0B020;LCAO0B030;LCAO0B040;LCAO0C010;LCAO0C020;LCAO0C030;LCAO0C040;LCAO0F010;LCAO0F020;LCAO0F030;LCAO0F040;LCAO0G010;LCAO0G020;LCAO0G030;LCAO0G040;LCAO0H010;LCAO0H020;LCAO0H030;LCAO0H040;LCAO0I010;LCAO0I020;LCAO0J010;LCAO0J020;LCAO0J030;LCAO0J040;LCAO0K010;LCAO0K020;LCAO0K030;LCAO0K040;LCAO0L010;LCAO0L020;LCAO0L030;LCAO0L040;LCAO0M010;LCAO0M020;LCAO0M030;LCAO0M040;LCAO0N010;LCAO0N020;LCAO0N030;LCAO0N040;LCAO0O010;LCAO0O020;LCAO0O030;LCAO0O040;LCAO0P010;LCAO0P020;LCAO0P030;LCAO0P040;LCAO0Q010;LCAO0Q020;LCAO0Q030;LCAO0Q040;LCAO0S010;LCAO0S020;LCAO0T010;LCAO0T020;LCAO0U010;LCAO0U020;LCAO0V010;LCAO0V020;LCAO0W010;LCAO0W020;LCAO0W030;LCAO0W040;LCAO0X010;LCAO0X020;LCAO0X030;LCAO0X040;LCAO0Y010;LCAO0Y020;LCAO0Y040;LCAO0Z010;LCAO0Z020;LCAO0Z030;LCAO0Z040;LCAO10010;LCAO10020;LCAO10030;LCAO10040;LCAO11010;LCAO11020;LCAO11030;LCAO11040;LCAO12010;LCAO12020;LCAO12030;LCAO12040;LCAO13010;LCAO13020;LCAO13030;LCAO13040;LCAO14010;LCAO14020;LCAO14030;LCAO14040;LCAO16010;LCAO16020;LCAO16030;LCAO16040;LCAO17010;LCAO17020;LCAO17030;LCAO17040;LCAO18010;LCAO18020;LCAO18030;LCAO18040;LCAO19010;LCAO19020;LCAO19040;LCAO1A010;LCAO1A020;LCAO1A030;LCAO1A040;LCAO1B010;LCAO1B020;LCAO1B030;LCAO1B040;LCAO1C010;LCAO1C020;LCAO1C030;LCAO1C040;LCAO1D010;LCAO1D020;LCAO1D030;LCAO1D040;LCAO1E010;LCAO1E020;LCAO1E030;LCAO1E040;LCAO1F010;LCAO1F020;LCAO1F030;LCAO1F040;LCAO1G010;LCAO1G020;LCAO1G030;LCAO1G040;LCAO1H010;LCAO1H020;LCAO1H030;LCAO1H040;LCAO1I010;LCAO1I020;LCAO1I030;LCAO1I040;LCAO1J010;LCAO1J020;LCAO1J030;LCAO1J040;LCAO1K010;LCAO1K020;LCAO1K030;LCAO1K040;LCAO1L010;LCAO1L020;LCAO1L030;LCAO1L040;LCAO1M010;LCAO1M020;LCAO1M030;LCAO1M040;LCAO1N010;LCAO1N020;LCAO1N030;LCAO1N040;LCAO1O010;LCAO1O020;LCAO1O030;LCAO1O040;LCAO1P010;LCAO1P020;LCAO1P030;LCAO1P040;LCAO1Q010;LCAO1Q020;LCAO1Q030;LCAO1Q040;LCAO1R010;LCAO1R020;LCAO1S010;LCAO1T010;LCAO1T020;LCAO1U010;LCAO1U020;LCAO1V010;LCAO1V020;LCAO1V030;LCAO1V040;LCAO1W010;LCAO1W020;LCAO1W030;LCAO1W040;LCAO1X010;LCAO1X020;LCAO1X030;LCAO1X040;LCAO1Y010;LCAO1Y020;LCAO1Y040;LCAO1Z010;LCAO1Z020;LCAO1Z030;LCAO1Z040;LCAO20010;LCAO20020;LCAO2A010;LCAO2A020;LCAO2A030;LCAO2A040;LCAO2B010;LCAO2B020;LCAO2B030;LCAO2B040;LCAO2C010;LCAO2C020;LCAO2C030;LCAO2C040;LCAO2D010;LCAO2D020;LCAO2D030;LCAO2D040;LCAO2E010;LCAO2E020;LCAO2E030;LCAO2E040;LCAO2F010;LCAO2F020;LCAO2F040;LCAO2G010;LCAO2G020;LCAO2H020;LCAO2I010;LCAO2U010;LCAO2U020;LCAO2V010;LCAO2V020;LCAO3B010;LCAO3B020;LCAO3C010;LCAO3C020;LCAO3C030;LCAO3C040;LCAO51020;LCAO52010;LCAO52020;LCAO52030;LCAO52040;LCAO53010;LCAO53020;LCAO53030;LCAO53040;LCAO56010;LCAO56020;LCAO56030;LCAO56040;LCAO57010;LCAO57020;LCAO57030;LCAO57040;LCAO58010;LCAO58020;LCAO58030;LCAO58040;LCAO59010;LCAO59020;LCAO59030;LCAO59040;LCAO60010;LCAO60020;LCAO60030;LCAO60040;LCAO61010;LCAO61020;LCAO61030;LCAO61040;LCAO62010;LCAO62020;LCAO62030;LCAO62040;LCAO63010;LCAO63020;LCAO63030;LCAO63040;LCAO64010;LCAO64020;LCAO64030;LCAO64040;LCAO65010;LCAO65020;LCAO65030;LCAO65040;LCAO81010;LCAO81020;LCAO81030;LCAO81040;LCAO82010;LCAO82020;LCAO82030;LCAO82040;LCAO83010;LCAO83020;LCAO83030;LCAO83040;LCAO84010;LCAO84020;LCAO84030;LCAO84040;LCAO85010;LCAO85020;LCAO85030;LCAO85040;LCAO86010;LCAO86020;LCAO86030;LCAO86040;LCAO87010;LCAO87020;LCAO87030;LCAO87040;LCAO88010;LCAO88020;LCAO88030;LCAO88040;LCAO89010;LCAO89020;LCAO89030;LCAO89040;LCAO90010;LCAO90020;LCAO90030;LCAO90040;LCAO91010;LCAO91020;LCAO91030;LCAO91040;LCAO92010;LCAO92020;LCAO92030;LCAO92040;LCAO93010;LCAO93020;LCAO93030;LCAO93040;LCAO94010;LCAO94020;LCAO94040;LCAO96010;LCAO96020;LCAO96030;LCAO96040;LCAO97010;LCAO97020;LCAO97030;LCAO97040;LCAO98010;LCAO98020;LCAO98030;LCAO98040;LCAO99030;LCAO99040;LCAO99010;LCAO99020;LCTF01010;LCTF01020;LCTF01030;LCTF01040;LCTF01050;LCTF02010;LCTF02020;LCTF02030;LCTF02040;LCTF02050;LER401010;LER401020;LER401030;LER401040;LER402010;LER402020;LER402030;LER402040;LFB701010;LFB701020;LFB701030;LFB701040,,,,,3,,0,,0,,0,,0,,0
MARK509,10,LBDH01010;LBDH01020;LBDH01030;LBDH01040;LBDH02010;LBDH02020;LBDH02030;LBDH02040,,,,,0,,0,,0,-0.436045190594654,59,,0,,0
NGC-7469,59,LBGU24010;LBGU24020;LBGU24030;LBGU24040;LBGU24050;LBGU24070;LBGU24080;LCSX01010;LCSX01020;LCSX01030;LCSX01040;LCSX03010;LCSX03020;LCSX03030;LCSX03040;LCSX04010;LCSX04020;LCSX04030;LCSX04040;LCSX05010;LCSX05020;LCSX05030;LCSX05040;LCSX06010;LCSX06020;LCSX06030;LCSX06040;LCSX07010;LCSX07020;LCSX07030;LCSX07040;LCTG02010,,,,-0.13372425472125593,17,,0,,0,,0,,0,,0
NGC6853,4,LCDF03010,,,,480.1610766812274,2,,0,,0,,0,11.282933614261657,9,,0
MR2251-178,8,LBGB03010;LBGB03020;LBGB03030;LBGB03040;LBGB03050;LBGB03060;LBGB03070;LBGB03080,,,,0.06414390295577743,6,-0.34235784286777254,34,,0,,0,-0.250253099963582,4,,0
MRK-1044,8,LBGU17010;LBGU17020;LBGU17030;LBGU17040;LBGU17050;LBGU17060;LBGU17070;LBGU17080,,,,,3,,0,,0,,0,,0,,0
NGC7714,4,LBRY08010;LBRY08020,,,,,0,,0,-0.1740291105945544,2,,0,,0,0.3049768304134501,9
PDS456,21,LC8U51010;LC8Y16010;LC8Y16020;LD3H01010;LDIF01010;LDIF02010,,,,0.521252040579129,2,,0,,0,,0,,0,,0
MRK-110,8,LDYE01010;LDYE01020;LDYE01030,,,,0.21716407371315133,24,,0,,0,,0,,0,,0
PG0043+039,23,LBZ301010;LESV01010;LESV02010;LESV02020;LESV02030;LESV02040,,,,,0,-0.4049304295685481,101,,0,,0,,0,,0
MRK-231,24,LC8W01010;LC8W01020,,,,-0.3901402010862708,4,,0,,0,,0,,0,,0
PG0052+251,16,LCXV15010;LCXV15020;LCXV15030;LCXV15040,,,,,0,,0,,0,,0,,0,-0.4723824224727817,1
PG0804+761,8,LB4F08010;LB4F08020;LB4F08030;LB4F08040;LB4F08050;LB4F08060;LB4F08070;LB4F08080,,,,-0.20404386160345458,13,,0,,0,,0,,0,-0.20437841997771758,4
MRK-279,8,LBGU21010;LBGU21020;LBGU21030;LBGU21040;LBGU21050;LBGU21060;LBGU21070;LBGU21080,,,,0.21880737424213914,8,,0,,0,,0,12.473917507287187,9,,0
PG0832+676,8,LDYV51010;LDYV51020,,,,,4,,0,,0,,0,,0,,0
PG0923+201,4,LC9901010,,,,,0,,0,0.9678688661227317,31,,0,,0,,0
PG0953+414,8,LBGL02010;LBGL02020;LBGL02030;LBGL02040;LBGL02050;LBGL02060;LBGL02070;LBGL02080,,,,,0,-0.48536617063217036,102,,0,,0,,0,-0.13202386900517804,2
MRK-509,9,LC0T01010;LC0T01020;LC0T01030,,,,-0.4448120393805738,34,,0,,0,,0,,0,,0
MRK-817,130,LEDE1B010;LEDE1B020;LEDE1B030;LEDE3N010;LEDE3N020;LEDE3N030;LEDE3N040;LF0J04010;LF0J04020;LF0J04030;LF0J05010;LF0J05020;LF0J05030;LF0J06010;LF0J06020;LF0J06030;LF0J09010;LF0J09020;LF0J09030;LF0J10010;LF0J10020;LF0J10030;LF0J11010;LF0J11020;LF0J11030;LF0J14010;LF0J14030;LF0J58010;LF0J58020;LF0J58030;LF0JA5010;LF0JA5020;LF0JA5030;LF0JA5040;LF7I01010;LF7I01020;LF7I01030;LF7I02020;LF7I02030;LF7I02010;LF7I03010;LF7I03020;LF7I03030;LF7I04010;LF7I04020;LF7I04030,,,,-0.34113725131374417,25,,0,,0,,0,,0,,0
PG1001+054,11,LDNJ14010;LDNJ14020;LDNJ14030,,,,,0,0.04923473429323373,63,,0,,0,,0,0.2305873347903616,1
PG1048+342,9,LBG704050;LBG704060;LBG704070;LBG704080;LBG7050A0;LBG7050B0;LBG7050C0;LBG7050D0,,,,0.8722479651920183,1,,0,,0,,0,-0.5484858529827461,1,0.2072613768788729,1
MRK290,8,LB4Q02010;LB4Q02020;LB4Q02030;LB4Q02040;LB4Q02050;LB4Q02060;LB4Q02070;LB4Q02080,,,,,0,,0,,0,,0,,0,0.18665877773789455,3
PG1049-005,10,LBHO53010;LBHO53020;LBHO53030;LBHO53040;LC9906010;LC9906020,,,,0.27008499329555213,2,0.35608623931116046,117,,0,,0,,0,,0
MRK335,13,LB4Q05010;LB4Q05020;LB4Q05030;LB4Q05040;LB4Q06010;LB4Q06020;LB4Q06030;LB4Q06040;LB4Q06050;LB4Q06060;LB4Q06070;LB4Q06080,,,,-0.24709397671519717,7,0.9196600610636076,15,,0,,0,,0,0.4001312171498297,2
MRK421,8,LB4R01010;LB4R01020;LB4R01030;LB4R01040;LB4R01050;LB4R01060;LB4R01070;LB4R01080,,,,,0,-0.7001435633372488,48,,0,,0,,0,-0.5200799312509261,4
PG1115+080A1,4,LC8002010,,,,,0,78.84669901571195,83,,0,,0,,0,,0
PG1115+407,8,LB4L02030;LB4L02040;LB4L02050;LB4L02060;LB4L02070;LB4L02080;LB4L02090,,,,,0,0.29305549807817294,25,,0,,0,,0,-0.4479699823560914,1
PG1116+215,8,LBGL01010;LBGL01020;LBGL01030;LBGL01040;LBGL01050;LBGL01060;LBGL01070;LBGL01080,,,,-0.17345007646689575,25,0.11310128639365616,307,-0.31813263152049437,44,,0,0.07167590080288279,2,0.2041416070815808,5
MRK486,3,LBI607010;LBI607020,,,,,0,,48,,0,,0,,0,1.4318598306527948,1
PG1148+549,22,LCO715010;LCO715020;LCO716010;LCO716020;LCO717010;LCO717020,,,,,0,0.6700065079603689,15,,0,,0,,0,,0
PG1202+281,6,LBHO72010;LBHO72020;LBHO72030;LBHO72040,,,,,0,2.9395940927857387,125,,0,,0,,0,1.5623492005976471,1
MRK817,16,LACD01010;LACD01020;LACD01030;LACD01040;LACD01050;LACD01060;LACD01070;LACD01080;LB4Q01010;LB4Q01020;LB4Q01030;LB4Q01040;LB4Q01050;LB4Q01060;LB4Q01070;LB4Q01080,,,,,0,,0,,0,,0,,0,-0.20425992235304985,4
PG1206+459,76,LBRP02010;LCO710010;LCO710020;LCO710030;LCO710040;LCO711010;LCO711020;LCWJ07010;LCWJ08010;LCWJ09010,,,,-0.08357959114375357,6,-0.12944094442487847,174,,0,,0,,0,,0
PG1211+143,16,LCS501010;LCS502010;LCS502020;LCS504010,,,,0.6765527258285067,20,0.050024285004286496,33,,0,,0,0.24448470867998703,13,0.20228279548710157,1
PG1216+069,8,LBG881010;LBG881020;LBG881030;LBG881040;LBG881050;LBG881060;LBG881070;LBG881080,,,,-0.16822141404973145,27,1.658369654237307,583,,0,,0,,0,0.0388283220628636,1
PG1259+593,8,LB6805010;LB6805020;LB6805030;LB6805040;LB6805050;LB6805060;LB6805070;LB6805080,,,,-0.2230353400904187,42,1.36567033110599,639,,0,,0,,0,-0.12358021839694881,10
PG1352+183,8,LC8Y13010;LC8Y13020,,,,,0,-0.05452514519598005,16,,0,,0,,0,-0.6527927220810208,1
PG1407+265,24,LCO718010;LCO718020;LCO718030;LCO718040;LCO719010;LCO719020,,,,,0,0.10333916821544446,162,,0,,0,0.12745477234139652,2,,0
PG1411+442,8,LC9904010;LC9904020;LC9904030,,,,0.8543671597348289,1,2.407525765338323,277,,0,,0,,0,-0.4358295959766729,1
PG1415+451,8,LECY13010;LECY13020;LECY13030,,,,-0.12106396360088906,2,1.5019510319339133,69,,0,,0,,0,0.4608772480091902,1
PG1424+240,11,LBXC01010;LBXC01020;LBXC01030;LBXC01040;LBXC01050;LBXC01060;LBXC01070;LBXC01080;LBXC01090;LBXC010A0,,,,3.0338837248864214,5,,0,,0,,0,,0,,0
PG1522+101,12,LCO709010;LCO709020;LCO709030,,,,0.8662248712140265,8,-0.022778342424474768,474,,0,,0,,0,,0
MRK876,10,LB4F05010;LB4F05020;LB4F05030;LB4F05040;LB4F05050;LB4Q03010;LB4Q03020;LB4Q03030;LB4Q03040,,,,-0.1664824370692849,10,,0,,0,,0,-0.3455905320018917,5,-0.2481589436728614,5
NGC-3125,8,LE4GP2010;LE4GP2020,,,,,1,,0,,0,,0,,0,,0
NGC-3516,16,LBGU58010;LBGU58020;LBGU58030;LBGU58040;LBGU58050;LBGU58060;LBGU58070;LBGU58080;LF3F01010;LF3F01020;LF3F01030;LF3F01040,,,,,3,,0,,0,,0,,0,,0
PG1626+554,8,LBGB01010;LBGB01020;LBGB01030;LBGB01040;LBGB01050;LBGB01060;LBGB01070;LBGB01080,,,,,0,0.017677633568888802,28,,0,,0,,0,-0.4302653622241526,2
NGC-3783,38,LBGU19010;LBGU19020;LBGU19030;LBGU19040;LBGU19050;LBGU19060;LBGU19070;LBGU19080;LC3X01010;LC3X01020;LC3X01030;LC3X01040;LC3X01050;LC3X01060;LC3X01070;LC3X01080;LD3E03010;LD3E03020;LD3E03030;LD3E03040;LD3E04010;LD3E04020;LD3E04030;LD3E04040;LF3701010;LF3701020;LF3701030;LF3702010;LF3702020;LF3702030,,,,,3,,0,,0,,0,,0,,0
PG1630+377,21,LCO712010;LCO712020;LCO713010;LCO713020;LCO714010;LCO714020,,,,0.09083240131069731,3,0.021072790190138472,36,,54,,0,,0,,0
PG1718+481,36,LCWJ04010;LCWJ05010;LCWJ06010,,,,1.0072524513110643,10,-0.1336809577245615,128,,0,,0,,0,,2
PG2112+059,4,LCJW01010,,,,0.8159731340382868,2,,171,0.7875701633923964,4,,0,,0,,0
PHL1811,8,LBGL03010;LBGL03020;LBGL03030;LBGL03040;LBGL03050;LBGL03060;LBGL03070;LBGL03080,,,,-0.26047939201469344,21,,0,,0,,0,,0,,0
PKS0405-123,22,LACB01020;LACB01040;LACB01060;LACB51010;LACB51020;LACB51030;LACB51040;LACB51050;LACB51060;LACB51070;LB6822010;LB6822020;LB6822030;LB6822040;LB6823010;LB6823020,,,,-0.4444477620518422,10,,0,,0,,0,,0,-0.4090559257823177,1
NGC6853,4,LCDF03010,,,,480.1610766812274,2,,0,,0,,0,11.282933614261657,9,,0
NGC7714,4,LBRY08010;LBRY08020,,,,,0,,0,-0.1740291105945544,2,,0,,0,0.3049768304134501,9
PDS456,21,LC8U51010;LC8Y16010;LC8Y16020;LD3H01010;LDIF01010;LDIF02010,,,,0.521252040579129,2,,0,,0,,0,,0,,0
PG0043+039,23,LBZ301010;LESV01010;LESV02010;LESV02020;LESV02030;LESV02040,,,,,0,-0.4049304295685481,101,,0,,0,,0,,0
PKS0558-504,4,LB3J03010;LB3J03020;LB3J03030;LB3J03040,,,,,0,,0,,0,,0,,0,-0.15598450999039384,2
PG0052+251,16,LCXV15010;LCXV15020;LCXV15030;LCXV15040,,,,,0,,0,,0,,0,,0,-0.4723824224727817,1
PKS1136-13,3,LBH416010;LBH416020,,,,,0,0.5113648321721751,157,,0,,0,,0,,0
PKS1302-102,10,LBGL04010;LBGL04020;LBGL04030;LBGL04040;LBGL04050;LBGL04060;LBGL04070;LBGL04080,,,,0.19079336482612108,2,0.7630504637794037,330,,0,,0,0.23528984760911165,2,0.01002650063965432,3
PG0804+761,8,LB4F08010;LB4F08020;LB4F08030;LB4F08040;LB4F08050;LB4F08060;LB4F08070;LB4F08080,,,,-0.20404386160345458,13,,0,,0,,0,,0,-0.20437841997771758,4
PKS2005-489,8,LB4R03010;LB4R03020;LB4R03030;LB4R03040;LB4R03050;LB4R03060;LB4R03070;LB4R03080,,,,4.901228086958232,4,,0,,0,,0,0.37570493762062085,10,0.8185496144691683,3
PG0832+676,8,LDYV51010;LDYV51020,,,,,4,,0,,0,,0,,0,,0
PKS2155-304,5,LBGL32010;LBGL32020;LBGL32030;LBGL32040;LBGL32050,,,,0.11256884368388093,4,-0.1127613050290093,115,,0,0.3916454187293858,64,0.9909252803137465,108,0.35754412580524914,3
PG0923+201,0,,,,,,0,,0,,31,,0,,0,,0
PMNJ1103-2329,10,LBG804060;LBG804070;LBG804080;LBG804090;LBG8040A0;LBG805060;LBG805070;LBG805080;LBG805090;LBG8050A0,,,,0.0523900042332233,1,,0,,0,,0,,0,,0
PG0953+414,8,LBGL02010;LBGL02020;LBGL02030;LBGL02040;LBGL02050;LBGL02060;LBGL02070;LBGL02080,,,,,0,-0.48536617063217036,102,,0,,0,,0,-0.13202386900517804,2
PSRB0656+14,8,LB4302010;LB4303010,,,,-0.29432068938929645,6,,0,,0,,0,,0,,0
PG1001+054,11,LDNJ14010;LDNJ14020;LDNJ14030,,,,,0,0.04923473429323373,63,,0,,0,,0,0.2305873347903616,1
PG1048+342,9,LBG704050;LBG704060;LBG704070;LBG704080;LBG7050A0;LBG7050B0;LBG7050C0;LBG7050D0,,,,0.8722479651920183,1,,0,,0,,0,-0.5484858529827461,1,0.2072613768788729,1
Q0302-003,11,LBGG40060;LBGG40070;LBGG41050;LBGG41060;LBGG41070,,,,,0,,0,,0,,0,,0,,0
PG1049-005,10,LBHO53010;LBHO53020;LBHO53030;LBHO53040;LC9906010;LC9906020,,,,0.27008499329555213,2,0.35608623931116046,117,,0,,0,,0,,0
RXJ0438.6+1546,4,LEPK1D010;LEPK1D020,,,,-0.9016251328019552,1,,0,,0,,0,,0,,0
PG1115+080A1,4,LC8002010,,,,,0,78.84669901571195,83,,0,,0,,0,,0
PG1115+407,8,LB4L02030;LB4L02040;LB4L02050;LB4L02060;LB4L02070;LB4L02080;LB4L02090,,,,,0,0.29305549807817294,25,,0,,0,,0,-0.4479699823560914,1
RXJ1556.1-3655,4,LESO1C010;LESO1C020,,,,-0.43785280817304306,1,,0,,0,,0,,0,,0
PG1116+215,8,LBGL01010;LBGL01020;LBGL01030;LBGL01040;LBGL01050;LBGL01060;LBGL01070;LBGL01080,,,,-0.17345007646689575,25,0.11310128639365616,307,-0.31813263152049437,44,,0,0.07167590080288279,2,0.2041416070815808,5
RXJ1852.3-3700,8,LETD2D010;LETD2E010;LETD2E020,,,,-0.8035024805985878,1,,0,,0,,0,,0,,0
PG1148+549,22,LCO715010;LCO715020;LCO716010;LCO716020;LCO717010;LCO717020,,,,,0,0.6700065079603689,15,,0,,0,,0,,0
PG1202+281,6,LBHO72010;LBHO72020;LBHO72030;LBHO72040,,,,,0,2.9395940927857387,125,,0,,0,,0,1.5623492005976471,1
RXJ2154.1-4414,11,LB6809030;LB6809040;LB6809050;LB6809060;LB6809070;LB6809080;LB6809090;LB68090A0;LB68090B0;LB68090C0;LB68090D0,,,,0.5386081158457691,1,,0,,0,,0,,0,0.5257376424286713,1
PG1206+459,76,LBRP02010;LCO710010;LCO710020;LCO710030;LCO710040;LCO711010;LCO711020;LCWJ07010;LCWJ08010;LCWJ09010,,,,-0.08357959114375357,6,-0.12944094442487847,174,,0,,0,,0,,0
SBS0926+606A,2,LDNA05010,,,,,0,,0,,0,,0,,0,,0
PG1211+143,16,LCS501010;LCS502010;LCS502020;LCS504010,,,,0.6765527258285067,20,0.050024285004286496,33,,0,,0,0.24448470867998703,13,0.20228279548710157,1
PG1216+069,8,LBG881010;LBG881020;LBG881030;LBG881040;LBG881050;LBG881060;LBG881070;LBG881080,,,,-0.16822141404973145,27,1.658369654237307,583,,0,,0,,0,0.0388283220628636,1
PG1259+593,8,LB6805010;LB6805020;LB6805030;LB6805040;LB6805050;LB6805060;LB6805070;LB6805080,,,,-0.2230353400904187,42,1.36567033110599,639,,0,,0,,0,-0.12358021839694881,10
PG1352+183,8,LC8Y13010;LC8Y13020,,,,,0,-0.05452514519598005,16,,0,,0,,0,-0.6527927220810208,1
PG1407+265,24,LCO718010;LCO718020;LCO718030;LCO718040;LCO719010;LCO719020,,,,,0,0.10333916821544446,162,,0,,0,0.12745477234139652,2,,0
PG1411+442,8,LC9904010;LC9904020;LC9904030,,,,0.8543671597348289,1,2.407525765338323,277,,0,,0,,0,-0.4358295959766729,1
PG1415+451,8,LECY13010;LECY13020;LECY13030,,,,-0.12106396360088906,2,1.5019510319339133,69,,0,,0,,0,0.4608772480091902,1
PG1424+240,11,LBXC01010;LBXC01020;LBXC01030;LBXC01040;LBXC01050;LBXC01060;LBXC01070;LBXC01080;LBXC01090;LBXC010A0,,,,3.0338837248864214,5,,0,,0,,0,,0,,0
PG1522+101,12,LCO709010;LCO709020;LCO709030,,,,0.8662248712140265,8,-0.022778342424474768,474,,0,,0,,0,,0
SDSS1711+6052,10,LBJ8B1010;LBJ8B2010,,,,-0.1605886522060589,1,,0,,0,,0,,0,,0
SDSS2346-0016,3,LBJ8C1010,,,,-0.20055344791598412,1,,0,,0,,0,,0,,0
PG1626+554,8,LBGB01010;LBGB01020;LBGB01030;LBGB01040;LBGB01050;LBGB01060;LBGB01070;LBGB01080,,,,,0,0.017677633568888802,28,,0,,0,,0,-0.4302653622241526,2
PG1630+377,21,LCO712010;LCO712020;LCO713010;LCO713020;LCO714010;LCO714020,,,,0.09083240131069731,3,0.021072790190138472,36,,54,,0,,0,,0
PG1718+481,36,LCWJ04010;LCWJ05010;LCWJ06010,,,,1.0072524513110643,10,-0.1336809577245615,128,,0,,0,,0,,2
PG2112+059,4,LCJW01010,,,,0.8159731340382868,2,,171,0.7875701633923964,4,,0,,0,,0
PHL1811,8,LBGL03010;LBGL03020;LBGL03030;LBGL03040;LBGL03050;LBGL03060;LBGL03070;LBGL03080,,,,-0.26047939201469344,21,,0,,0,,0,,0,,0
PKS0405-123,22,LACB01020;LACB01040;LACB01060;LACB51010;LACB51020;LACB51030;LACB51040;LACB51050;LACB51060;LACB51070;LB6822010;LB6822020;LB6822030;LB6822040;LB6823010;LB6823020,,,,-0.4444477620518422,10,,0,,0,,0,,0,-0.4090559257823177,1
SK-68129,12,LBP504080;LBP504090;LBP5040A0;LBP5040B0,,,,0.09787610777229698,5,,0,,0,,0,,1,,0
PKS0558-504,4,LB3J03010;LB3J03020;LB3J03030;LB3J03040,,,,,0,,0,,0,,0,,0,-0.15598450999039384,2
PKS1136-13,3,LBH416010;LBH416020,,,,,0,0.5113648321721751,157,,0,,0,,0,,0
PKS1302-102,10,LBGL04010;LBGL04020;LBGL04030;LBGL04040;LBGL04050;LBGL04060;LBGL04070;LBGL04080,,,,0.19079336482612108,2,0.7630504637794037,330,,0,,0,0.23528984760911165,2,0.01002650063965432,3
PKS2005-489,8,LB4R03010;LB4R03020;LB4R03030;LB4R03040;LB4R03050;LB4R03060;LB4R03070;LB4R03080,,,,4.901228086958232,4,,0,,0,,0,0.37570493762062085,10,0.8185496144691683,3
PKS2155-304,5,LBGL32010;LBGL32020;LBGL32030;LBGL32040;LBGL32050,,,,0.11256884368388093,4,-0.1127613050290093,115,0.35240543953775466,112,0.3916454187293858,64,0.9909252803137465,108,0.35754412580524914,3
PMNJ1103-2329,10,LBG804060;LBG804070;LBG804080;LBG804090;LBG8040A0;LBG805060;LBG805070;LBG805080;LBG805090;LBG8050A0,,,,0.0523900042332233,1,,0,,0,,0,,0,,0
PSRB0656+14,8,LB4302010;LB4303010,,,,-0.29432068938929645,6,,0,,0,,0,,0,,0
Q0302-003,11,LBGG40060;LBGG40070;LBGG41050;LBGG41060;LBGG41070,,,,,0,,0,,0,,0,,0,,0
RXJ0438.6+1546,4,LEPK1D010;LEPK1D020,,,,-0.9016251328019552,1,,0,,0,,0,,0,,0
RXJ1556.1-3655,4,LESO1C010;LESO1C020,,,,-0.43785280817304306,1,,0,,0,,0,,0,,0
RXJ1852.3-3700,8,LETD2D010;LETD2E010;LETD2E020,,,,-0.8035024805985878,1,,0,,0,,0,,0,,0
RXJ2154.1-4414,11,LB6809030;LB6809040;LB6809050;LB6809060;LB6809070;LB6809080;LB6809090;LB68090A0;LB68090B0;LB68090C0;LB68090D0,,,,0.5386081158457691,1,,0,,0,,0,,0,0.5257376424286713,1
SK-68140,6,LBP505080;LBP5050A0;LBP5050B0,,,,0.23502303766401594,5,,0,,0,,0,0.030229390772177307,2,,0
SK-68129,12,LBP504080;LBP504090;LBP5040A0;LBP5040B0,,,,0.09787610777229698,5,,0,,0,,0,,1,,0
SK-68155,3,LBP5030A0;LBP5030B0,,,,0.08190512112014398,4,,0,,0,,0,,1,,0
SK-6826,8,LDA935010;LDA935020,,,,0.05139701802442009,3,,0,,0,,0,,0,,0
SK-68140,6,LBP505080;LBP5050A0;LBP5050B0,,,,0.23502303766401594,5,,0,,0,,0,0.030229390772177307,2,,0
SK-69279,13,LBP502070;LBP502080;LBP502090;LBP5020A0,,,,0.02505584563372657,4,,0,,0,,0,-0.019571494224863456,2,,0
SK179,8,LEMU5D020;LEMU5D010,,,,,1,,0,,0,,0,,0,,0
SK-68155,3,LBP5030A0;LBP5030B0,,,,0.08190512112014398,4,,0,,0,,0,,1,,0
SK187,5,LETN3C010;LETNCC010,,,,-0.013173807227282208,2,,0,,0,,0,,0,,0
SK191,74,LBBY01010;LBBY01020;LBBY01030;LBBY01040;LBBY03010;LBBY03020;LBBY03030;LBBY03040;LBBY04010;LBBY04020;LBBY04030;LBBY04040;LBBY05010;LBBY05020;LBBY05030;LBBY05040;LBBY06040;LBBY06010;LBBY06020;LBBY06030;LBBY07010;LBBY07020;LBBY07030;LBBY07040;LBNJ01010;LBNJ01020;LBNJ01030;LBNJ01040;LBNJ02010;LBNJ02020;LBNJ02030;LBNJ02040;LBNJ03010;LBNJ03020;LBNJ03030;LBNJ03040;NONE;LBUD01010;LBUD01020;LBUD01030;LBUD01040,,,,-0.06305260670904686,3,,0,,0,,0,,0,-0.07717703660908862,1
SN2009IP,8,LC6502010;LC6502020;LC6502030;LC6502040;LC6502050;LC6502060;LC6502070;LC6502080,,,,,0,,0,,0,,0,,0,,0
SN2010AL,2,LB7S04010,,,,-0.31008116354463716,1,,0,,0,,0,,0,,0
SK-6826,8,LDA935010;LDA935020,,,,0.05139701802442009,3,,0,,0,,0,,0,,0
SN2010JL,6,LBK003010;LBK003020;LBOO22010;LBOO22020;LBOO22030;LBOO22040,,,,-0.9028649019703348,2,,0,,0,,0,,0,,0
SSTC2DJ160000.6-422158,8,LEIQ1C020;LEIQ1C030;LEIQ1D010;LEIQ1D020;LEIQ1D030,,,,,0,,0,,0,,0,,0,,0
SSTC2DJ161243.8-381503,5,LET51C010;LET51C020;LET51D010;LET51D020,,,,-0.721351258164221,1,,0,,0,,0,,0,,0
SSTC2DJ161344.1-373646,4,LEIQ2D010;LEIQ2D020,,,,-0.9400774035800096,1,,0,,0,,0,,0,,0
SZ10,4,LEIL2C010;LEIL2D010;LEILAC010;LEILAD010,,,,-0.785239123396828,1,,0,,0,,0,,0,,0
SZ100,3,LET6AC010;LET6AC020,,,,-0.8084477051860792,2,,0,,0,,0,,0,,0
SZ103,6,LESU1C010;LESU1D010,,,,,1,,0,,0,,0,,0,,0
SZ104,13,LET62C010;LET62D010;LET62E010;LET62F010;LET62F020,,,,-0.8378919396412409,1,,0,,0,,0,,0,,0
SK-69279,13,LBP502070;LBP502080;LBP502090;LBP5020A0,,,,0.02505584563372657,4,,0,,0,,0,-0.019571494224863456,2,,0
SZ110,6,LESU2C010;LESU2C020;LESU2C030,,,,-0.8895654700474649,1,,0,,0,,0,,0,,0
SZ114,12,LESR1C010;LESR1C020;LESR1C030;LESRAC010;LESRAD010;LESRAD020,,,,,0,,0,,0,,0,,0,,0
SZ117,5,LET52D010;LET52D020;LET52D030,,,,-0.9448214722622373,1,,0,,0,,0,,0,,0
SK179,8,LEMU5D020;LEMU5D010,,,,,1,,0,,0,,0,,0,,0
SZ129,3,LESP1C010;LESP1C020,,,,-0.15407687349621996,1,,0,,0,,0,,0,,0
SZ130,9,LEIQDC010;LEIQDC020;LEIQIC010;LEIQIC020;LEIQIC030,,,,-0.9302930436385122,2,,0,,0,,0,,0,,0
SK187,5,LETN3C010;LETNCC010,,,,-0.013173807227282208,2,,0,,0,,0,,0,,0
SZ19,4,LEQM1C010;LEQM1D010,,,,-0.7235368700081933,1,,0,,0,,0,0.3767507819620791,2,,0
SZ66,4,LEIM1D010;LEIM1D020;LEIMAD010,,,,-0.7786133334490706,2,,0,,0,,0,,0,,0
SZ69,5,LEIM2D010;LEIM2D020;LEIMBD020,,,,-0.8701755646774503,2,,0,,0,,0,,0,,0
SK191,74,LBBY01010;LBBY01020;LBBY01030;LBBY01040;LBBY03010;LBBY03020;LBBY03030;LBBY03040;LBBY04010;LBBY04020;LBBY04030;LBBY04040;LBBY05010;LBBY05020;LBBY05030;LBBY05040;LBBY06040;LBBY06010;LBBY06020;LBBY06030;LBBY07010;LBBY07020;LBBY07030;LBBY07040;LBNJ01010;LBNJ01020;LBNJ01030;LBNJ01040;LBNJ02010;LBNJ02020;LBNJ02030;LBNJ02040;LBNJ03010;LBNJ03020;LBNJ03030;LBNJ03040;NONE;LBUD01010;LBUD01020;LBUD01030;LBUD01040,,,,-0.06305260670904686,3,,0,,0,,0,,0,-0.07717703660908862,1
SZ71,3,LEIK1D010;LEIK1D020,,,,-0.9100478130820114,1,,0,,0,,0,,0,,0
SN2009IP,8,LC6502010;LC6502020;LC6502030;LC6502040;LC6502050;LC6502060;LC6502070;LC6502080,,,,,0,,0,,0,,0,,0,,0
SZ72,9,LEIM3C010;LEIM3C020;LEIM3C030;LEIM3D010;LEIM3D020;LEIM3D030,,,,-0.8511260501770308,1,,0,,0,,0,,0,,0
SZ76,7,LEIM4D010;LEIM4D020;LEIMDD010;LEIMDD020,,,,-0.9076796684169111,1,,0,,0,,0,,0,,0
SN2010AL,2,LB7S04010,,,,-0.31008116354463716,1,,0,,0,,0,,0,,0
SZ82,8,LESO2C010;LESO2C020;LESO2D010;LESO2D020,,,,-0.6414326938645261,1,,0,,0,,0,,0,,0
SN2010JL,6,LBK003010;LBK003020;LBOO22010;LBOO22020;LBOO22030;LBOO22040,,,,-0.9028649019703348,2,,0,,0,,0,,0,,0
SSTC2DJ160000.6-422158,8,LEIQ1C020;LEIQ1C030;LEIQ1D010;LEIQ1D020;LEIQ1D030,,,,,0,,0,,0,,0,,0,,0
SZ97,3,LET53E010;LET53E020,,,,-0.7318484506971711,1,,0,,0,,0,,0,,0
SZ98,10,LESP2C010;LESP2D010;LESP2E010;LESP2F010,,,,-0.8642833718221707,1,,0,,0,,0,,0,,0
SSTC2DJ161243.8-381503,5,LET51C010;LET51C020;LET51D010;LET51D020,,,,-0.721351258164221,1,,0,,0,,0,,0,,0
SZ99,4,LESU3D010;LESU3D020;LESU3D030,,,,-0.8584163111555948,1,,0,,0,,0,,0,,0
SSTC2DJ161344.1-373646,4,LEIQ2D010;LEIQ2D020,,,,-0.9400774035800096,1,,0,,0,,0,,0,,0
TOI-1468,9,LF7Z11010;LF7Z11020;LF7Z12010,,,,-0.868931905711114,2,,0,,0,,0,,0,,0
SZ10,4,LEIL2C010;LEIL2D010;LEILAC010;LEILAD010,,,,-0.785239123396828,1,,0,,0,,0,,0,,0
TOI-561,4,LFH933010,,,,-0.9728487263492375,1,,0,,0,,0,,0,,0
SZ100,3,LET6AC010;LET6AC020,,,,-0.8084477051860792,2,,0,,0,,0,,0,,0
TONS210,12,LBH001010;LBH001020;LBH001030;LBH001040,,,,-0.3961103732389726,5,,0,,0,,0,,0,0.1458800475852705,2
SZ103,6,LESU1C010;LESU1D010,,,,,1,,0,,0,,0,,0,,0
TWA13A,7,LBMC01010;LBMC01020;LBMC01030;LBMC01040;LBMC01050,,,,-0.7346287197650604,2,,0,,0,,0,,0,,0
SZ104,13,LET62C010;LET62D010;LET62E010;LET62F010;LET62F020,,,,-0.8378919396412409,1,,0,,0,,0,,0,,0
UM425,16,LDAR02010;LDAR02020;LDAR02030;LDAR02040,,,,,0,,10,,0,,0,,2,,0
SZ110,6,LESU2C010;LESU2C020;LESU2C030,,,,-0.8895654700474649,1,,0,,0,,0,,0,,0
SZ114,12,LESR1C010;LESR1C020;LESR1C030;LESRAC010;LESRAD010;LESRAD020,,,,,0,,0,,0,,0,,0,,0
V4046SGR,8,LB3Q01030;LB3Q01040;LB3Q01050;LB3Q01060;LB3Q01070;LB3Q01080;LB3Q01090;LB3Q010A0,,,,,0,,0,,0,,0,,0,,0
SZ117,5,LET52D010;LET52D020;LET52D030,,,,-0.9448214722622373,1,,0,,0,,0,,0,,0
SZ129,3,LESP1C010;LESP1C020,,,,-0.15407687349621996,1,,0,,0,,0,,0,,0
VIIZW403,2,LF9G05010,,,,-0.9474195758331936,7,,0,,0,,0,,0,,0
SZ130,9,LEIQDC010;LEIQDC020;LEIQIC010;LEIQIC020;LEIQIC030,,,,-0.9302930436385122,2,,0,,0,,0,,0,,0
WASP-12,35,LB2Z01010;LB2Z02010;LCAVW1010;LCAVW3010;LCAVW5010;LCAVW6010;LCAVW7010,,,,,20,,0,,0,,0,,0,,0
WASP-18,8,LCJY01010,,,,,0,,0,,0,,0,,0,,0
WASP-29,15,LD9M25010;LD9M26010;LD9M27010,,,,0.3498380994594168,29,,0,,0,,0,,0,,0
SZ19,4,LEQM1C010;LEQM1D010,,,,-0.7235368700081933,1,,0,,0,,0,0.3767507819620791,2,,0
SZ66,4,LEIM1D010;LEIM1D020;LEIMAD010,,,,-0.7786133334490706,2,,0,,0,,0,,0,,0
WASP-43,4,LFH927010,,,,-0.9825311965594282,14,,0,,0,,0,,0,,0
SZ69,5,LEIM2D010;LEIM2D020;LEIMBD020,,,,-0.8701755646774503,2,,0,,0,,0,,0,,0
WASP-69,15,LD9M34010;LD9M35010;LD9M36010,,,,0.7409405070693773,42,,0,,0,,0,,0,,0
SZ71,3,LEIK1D010;LEIK1D020,,,,-0.9100478130820114,1,,0,,0,,0,,0,,0
WASP-80,16,LD9M46010;LD9M47010;LD9M48010;LD9MW8010,,,,0.8475228731462672,29,,0,,0,,0,,0,,0
SZ72,9,LEIM3C010;LEIM3C020;LEIM3C030;LEIM3D010;LEIM3D020;LEIM3D030,,,,-0.8511260501770308,1,,0,,0,,0,,0,,0
SZ76,7,LEIM4D010;LEIM4D020;LEIMDD010;LEIMDD020,,,,-0.9076796684169111,1,,0,,0,,0,,0,,0
SZ82,8,LESO2C010;LESO2C020;LESO2D010;LESO2D020,,,,-0.6414326938645261,1,,0,,0,,0,,0,,0
SZ97,3,LET53E010;LET53E020,,,,-0.7318484506971711,1,,0,,0,,0,,0,,0
SZ98,10,LESP2C010;LESP2D010;LESP2E010;LESP2F010,,,,-0.8642833718221707,1,,0,,0,,0,,0,,0
WD0308-565,1288,LBUI50010;LBUI50020;LBUI50030;LBUI50040;LBUI50050;LBUI50060;LBUI50070;LBUI50080;LBUI50090;LBXM1A010;LBXM1A020;LBXM1A030;LBXM1A040;LBXM1B010;LBXM1B020;LBXM1B030;LBXM1B040;LBXMT4010;LBXMT4020;LBXMT4030;LC3Y30010;LC3Y30020;LC3Y30030;LC3Y30040;LC3Y30050;LC3Y30060;LC3Y30070;LC3Y31010;LC3Y31020;LC3Y31030;LC3Y31040;LC3Y31050;LC3Y31060;LC3Y31070;LC3Y32010;LC3Y32020;LC3Y32030;LC3Y32040;LC3Y32050;LC3Y32060;LC3Y32070;LC3Y33010;LC3Y33020;LC3Y33030;LC3Y33040;LC3Y33050;LC3Y33060;LC3Y33070;LC3Y34010;LC3Y34020;LC3Y34030;LC3Y34040;LC3Y34050;LC3Y34060;LC3Y34070;LC3Y35010;LC3Y35020;LC3Y35030;LC3Y35040;LC3Y35050;LC3Y35060;LC3Y35070;LC3Y36010;LC3Y36020;LC3Y36030;LC3Y36040;LC3Y36050;LC3Y36060;LC3Y36070;LC3Y37010;LC3Y37020;LC3Y37030;LC3Y37040;LC3Y37050;LC3Y37060;LC3Y37070;LC3Y38010;LC3Y38020;LC3Y38030;LC3Y38040;LC3Y38050;LC3Y38060;LC3Y38070;LC3Y39010;LC3Y39020;LC3Y39030;LC3Y39040;LC3Y39050;LC3Y39060;LC3Y39070;LC3Y40010;LC3Y40020;LC3Y40030;LC3Y40040;LC3Y40050;LC3Y40060;LC3Y40070;LCAOE1010;LCAOE1020;LCE801010;LCE801020;LCE801030;LCE802010;LCE802020;LCE802030;LCE802040;LCE802050;LCE802060;LCE802070;LCE802080;LCE803010;LCE803020;LCE803030;LCE804010;LCE804020;LCE804030;LCE804040;LCE804050;LCE804060;LCE804070;LCE804080;LCE805010;LCE805020;LCE805030;LCE806010;LCE806020;LCE806030;LCE806040;LCE806050;LCE806060;LCE806070;LCE806080;LCE807010;LCE807020;LCE807030;LCE808010;LCE808020;LCE808030;LCE808040;LCE808050;LCE808060;LCE808070;LCE808080;LCE809010;LCE809020;LCE809030;LCE810010;LCE810020;LCE810030;LCE810040;LCE810050;LCE810060;LCE810070;LCE810080;LCPB01010;LCPB01020;LCPB01030;LCPB01040;LCPB02010;LCPB02020;LCPB03010;LCPB03020;LCPB03030;LCPB03040;LCPB04010;LCPB04020;LCPB04030;LCQZ01010;LCQZ01020;LCQZ01030;LCQZ01040;LCQZ01050;LCQZ01060;LCQZ01070;LCQZ01080;LCQZ02010;LCQZ02020;LCQZ02030;LCQZ03010;LCQZ03020;LCQZ03030;LCQZ03040;LCQZ03050;LCQZ03060;LCQZ03070;LCQZ03080;LCQZ04010;LCQZ04020;LCQZ04030;LCQZ04040;LCQZ04050;LCQZ04060;LCQZ04070;LCQZ04080;LCQZ05010;LCQZ05020;LCQZ05030;LCQZ06010;LCQZ06020;LCQZ06030;LCQZ06040;LCQZ06050;LCQZ06060;LCQZ06070;LCQZ06080;LCQZ07010;LCQZ07020;LCQZ07030;LCQZ08010;LCQZ08020;LCQZ08030;LCQZ08040;LCQZ08050;LCQZ08060;LCQZ08070;LCQZ08080;LCQZ09010;LCQZ09020;LCQZ09030;LCQZ10010;LCQZ10020;LCQZ10030;LCQZ10040;LCQZ10050;LCQZ10060;LCQZ10070;LCQZ10080;LCQZ11010;LCQZ11020;LCQZ11030;LD0Y01010;LD0Y01020;LD0Y01030;LD0Y02010;LD0Y02020;LD0Y02030;LD0Y02040;LD0Y02050;LD0Y02060;LD0Y02070;LD0Y02080;LD0Y03010;LD0Y03020;LD0Y03030;LD0Y04010;LD0Y04020;LD0Y04030;LD0Y04040;LD0Y04050;LD0Y04060;LD0Y04070;LD0Y04080;LD0Y05010;LD0Y05020;LD0Y05030;LD0Y06010;LD0Y06020;LD0Y06030;LD0Y06040;LD0Y06050;LD0Y06060;LD0Y06070;LD0Y06080;LD0Y07010;LD0Y07020;LD0Y07030;LD0Y08010;LD0Y08020;LD0Y08030;LD0Y08040;LD0Y08050;LD0Y08060;LD0Y08070;LD0Y08080;LD0Y09010;LD0Y09020;LD0Y09030;LD0Y10010;LD0Y10020;LD0Y10030;LD0Y10040;LD0Y10050;LD0Y10060;LD0Y10070;LD0Y10080;LD0Y11010;LD0Y11020;LD0Y11030;LDCV01010;LDCV01020;LDCV01030;LDCV02010;LDCV02020;LDCV02030;LDCV02040;LDCV02050;LDCV02060;LDCV02070;LDCV02080;LDCV04010;LDCV04020;LDCV04030;LDCV05010;LDCV05020;LDCV05030;LDCV05040;LDCV05050;LDCV05060;LDCV05070;LDCV05080;LDCV07010;LDCV07020;LDCV07030;LDCV08010;LDCV08020;LDCV08030;LDCV08040;LDCV08050;LDCV08060;LDCV08070;LDCV08080;LDCV10010;LDCV10020;LDCV10030;LDCV11010;LDCV11020;LDCV11030;LDCV11040;LDCV11050;LDCV11060;LDCV11070;LDCV11080;LDCV13010;LDCV13020;LDCV13030;LDCV17010;LDCV17020;LDCV17030;LDCV17040;LDCV17050;LDCV17060;LDCV17070;LDCV17080;LDCV20010;LDCV20020;LDCV20030;LDCV20040;LDCV20050;LDCV20060;LDCV20070;LDCV20080;LDCV22010;LDCV22020;LDCV22030;LDCV22040;LDCV22050;LDCV22060;LDCV22070;LDEL01010;LDEL01020;LDEL01030;LDEL02010;LDEL02020;LDEL02030;LDEL03010;LDEL03020;LDEL03030;LDEL03040;LDEL04010;LDEL04020;LDEL04030;LDMK01010;LDQJ01010;LDQJ01020;LDQJ01030;LDQJ01040;LDQJ01050;LDQJ01060;LDQJ01070;LDQJ01080;LDQJ03010;LDQJ03020;LDQJ03030;LDQJ03040;LDQJ03050;LDQJ03060;LDQJ03070;LDQJ03080;LDQJ05010;LDQJ05020;LDQJ05030;LDQJ05040;LDQJ05050;LDQJ05070;LDQJ05080;LDQJ07010;LDQJ07020;LDQJ07030;LDQJ07040;LDQJ07050;LDQJ07060;LDQJ07070;LDQJ07080;LDQJ08010;LDQJ08020;LDQJ08030;LDQJ08040;LDQJ08050;LDQJ08060;LDQJ08070;LDQJ08080;LDQJ10010;LDQJ10020;LDQJ10030;LDQJ10040;LDQJ10050;LDQJ10060;LDQJ10070;LDQJ10080;LDQJ12010;LDQJ12020;LDQJ12030;LDQJ12040;LDQJ12050;LDQJ12060;LDQJ12070;LDQJ55010;LDQJ55020;LDQJ55030;LDQJ55040;LDQJ55050;LDQJ55060;LDQJ55070;LDQJ55080;LDQJ56010;LDQJ56020;LDQJ56030;LDQJ56040;LDQJ56050;LDQJ56060;LDQJ56070;LDQJ57010;LDQJ57020;LDQJ57030;LDQJ57040;LDQJ57050;LDQJ57070;LDQJ58040;LDQJ58050;LDQJ58060;LDQJ58070;LDQJ59010;LDQJ59020;LDQJ59030;LDQJ59040;LDQJ59050;LDQJ59060;LDQJ59070;LDV001010;LDV001020;LDV001030;LDV001040;LDV001050;LDV001060;LDV001070;LDV001080;LDV003010;LDV003020;LDV003030;LDV005010;LDV005020;LDV005030;LDV005040;LDV005050;LDV005060;LDV005070;LDV005080;LDV005090;LDV0050A0;LDV007010;LDV007020;LDV007030;LDV007040;LDV007050;LDV007060;LDV007070;LDV007080;LDV007090;LDV0070A0;LDV008010;LDV008020;LDV008060;LDV008070;LDV008080;LDV008090;LDV0080A0;LDV010010;LDV010020;LDV010030;LDV010040;LDV010060;LDV010070;LDV010080;LDV010090;LDV0100A0;LDV053010;LDV053020;LDV053030;LDV053040;LDV053050;LDV053060;LDV053070;LDV053080;LDV053090;LDV0530A0;LDV057090;LDV0570A0;LDV057010;LDV057020;LDV057030;LDV057040;LDV057050;LDV057060;LDV057070;LDV057080;LDV058010;LDV058020;LDV058030;LDV058040;LDV058050;LDV058060;LDV058070;LDV058080;LDV058090;LDV0580A0;LDV060010;LDV060020;LDV060030;LDV060040;LDV060050;LDV060060;LDV060070;LDV060080;LDV060090;LDV0600A0;LE5G01010;LE5G01020;LE5G01030;LE5G01040;LE5G01050;LE5G01060;LE5G01070;LE5G01080;LE5G01090;LE5G010A0;LE5G05010;LE5G05020;LE5G05030;LE5G05040;LE5G05050;LE5G05060;LE5G05070;LE5G05080;LE5G05090;LE5G050A0;LE5G07010;LE5G07020;LE5G07030;LE5G07040;LE5G07050;LE5G07060;LE5G07070;LE5G07080;LE5G07090;LE5G070A0;LE5G08010;LE5G08020;LE5G08030;LE5G08040;LE5G10010;LE5G10020;LE5G10030;LE5G10040;LE5G10050;LE5G10060;LE5G10070;LE5G10080;LE5G10090;LE5G100A0;LE5G53010;LE5G53020;LE5G53030;LE5G53040;LE5G53050;LE5G53060;LE5G53070;LE5G53080;LE5G53090;LE5G530A0;LE5G57010;LE5G57020;LE5G57030;LE5G58010;LE5G58020;LE5G58030;LE5G58040;LE5G58050;LE5G58060;LE9A01010;LE9A02010;LEDES1010;LEDES1020;LEDES1030;LEDES2010;LEDES2020;LEDES2030;LEDES3010;LEDES3020;LEDES3030;LEDES4010;LEDES4020;LEDES4030;LEDES6010;LEDES6020;LEDES6030;LEDES9010;LEDES9020;LEDES9030;LEDESA010;LEDESA020;LEDESA030;LEDESD010;LEDESD020;LEDESD030;LEDESE010;LEDESE020;LEDESE030;LEFE01010;LEFE01020;LEFE01030;LEFE01040;LEFE01050;LEFE01060;LEFE01070;LEFE01080;LEFE01090;LEFE010A0;LEFE03010;LEFE03020;LEFE03030;LEFE03040;LEFE05010;LEFE05020;LEFE05030;LEFE05040;LEFE05050;LEFE05060;LEFE05070;LEFE05080;LEFE05090;LEFE050A0;LEFE050B0;LEFE050C0;LEFE07010;LEFE07020;LEFE07030;LEFE07040;LEFE07050;LEFE07060;LEFE07070;LEFE07080;LEFE07090;LEFE070A0;LEFE070B0;LEFE08010;LEFE08020;LEFE08030;LEFE08040;LEFE08050;LEFE08060;LEFE08070;LEFE08080;LEFE08090;LEFE080A0;LEFE10010;LEFE10020;LEFE10030;LEFE10040;LEFE10050;LEFE10060;LEFE10070;LEFE10080;LEFE10090;LEFE100A0;LEFE53010;LEFE53020;LEFE53030;LEFE53040;LEFE53050;LEFE53060;LEFE53070;LEFE53080;LEFE53090;LEFE530A0;LEIA02010;LEIA03010;LEIA04010;LEIA05010;LEIA51010;LEIA51020;LEIA52010;LEJI02010;LER101010;LER101020;LER101030;LER101040;LER101050;LER101060;LER101070;LER101080;LER101090;LER1010A0;LER1010B0;LER103010;LER103020;LER103040;LER103060;LER103070;LER103080;LER1030A0;LER1030B0;LER107010;LER107020;LER107030;LER107040;LER107050;LER107060;LER107070;LER107080;LER107090;LER1070A0;LER1070B0;LER1070C0;LER108010;LER108020;LER108030;LER108040;LER108050;LER108060;LER108070;LER108080;LER110010;LER110020;LER110030;LER110040;LER110050;LER110060;LER110070;LER112010;LER112020;LER112030;LER112040;LER153010;LER153020;LER153030;LER158010;LER158020;LER158030;LER158040;LER15A010;LER15A020;LER15A030;LER15A040;LER15A050;LER15A060;LER15A070;LER15A080;LER15A090;LER15A0A0;LER15A0B0;LER15A0C0;LER15B010;LER15B020;LER15B030;LER15B040;LETB01010;LETB02010;LETB03010;LETB04010;LETB05010;LETB06010;LETB55010;LF2010010;LF2010020;LF2010030;LF2010040;LF2010050;LF2010060;LF2010070;LF2012010;LF2012020;LF2012030;LF2012040;LF2012050;LF2012060;LF201A010;LF201A020;LF201A030;LF201A040;LF201A050;LF201A060;LF201A070;LF201B010;LF201B020;LF201B030;LF201D010;LF201D020;LF201D030;LF201D040;LF203A010;LF203A020;LF203A030;LF203A040;LF203A050;LF203A060;LF203A070;LF203B010;LF203B020;LF203B030;LF203B040;LF203B050;LF203B060;LF2056010;LF2056020;LF2056030;LF2056040;LF205A050;LF205A060;LF205A070;LF205B010;LF205B020;LF205B040;LF205B050;LF205B060;LF205C010;LF205C020;LF205C030;LF205C040;LF205C050;LF205C060;LF205C070;LF205D010;LF205D020;LF205D030;LF205D040;LF205D050;LF205D060;LF207A010;LF207A020;LF207A030;LF207A040;LF207A050;LF207A060;LF207A070;LF207B010;LF207B020;LF207B030;LF207B040;LF207B050;LF207B060;LF207B070;LF207B080;LF208A010;LF208A020;LF208A030;LF208A040;LF208A050;LF208A060;LF208A070;LF208B010;LF208B020;LF208B030;LF208B040;LF208B050;LF208B060;LF2110010;LF2110020;LF2110030;LF2110040;LF2110050;LF2110060;LF2110070;LF2111050;LF2111060;LF218A010;LF218A020;LF218A030;LF218A040;LF218A050;LF218A060;LF218A070;LF218B010;LF218B020;LF218B030;LF218B040;LF218B050;LF218B060;LF4G1A010;LF4G1A020;LF4G1A030;LF4G1A040;LF4G1A050;LF4G1A060;LF4G1A070;LF4G1B010;LF4G1B020;LF4G1B030;LF4G1B040;LF4G1B050;LF4G1B060;LF4G3A010;LF4G3A020;LF4G3A030;LF4G3A040;LF4G3A050;LF4G3A060;LF4G3A070;LF4G3B010;LF4G3B020;LF4G3B030;LF4G3B040;LF4G3B050;LF4G3B060;LF4G8A010;LF4G8A020;LF4G8A030;LF4G8A040;LF4G8A050;LF4G8A060;LF4G8A070;LF4G8B010;LF4G8B020;LF4G8B030;LF4G8B040;LF4G8B050;LF4G8B060;LF4H1A010;LF4H1A020;LF4H1A030;LF4H1A040;LF4H1A050;LF4H1A060;LF4H1A070;LF4H1B010;LF4H1B020;LF4H1B030;LF4H1B040;LF4H1B050;LF4H1B060;LF4H3A010;LF4H3A020;LF4H3A030;LF4H3A040;LF4H3A050;LF4H3A060;LF4H3A070;LF4H5A040;LF4H5A050;LF4H5A060;LF4H5A070;LF4H5B010;LF4H5B020;LF4H5B030;LF4H5B040;LF4H5B060;LF4H7A010;LF4H7A020;LF4H7A030;LF4H7A040;LF4H7A050;LF4H7A060;LF4H7A070;LF4H8A050;LF4H8B010;LF4H8B020;LF4H9A010;LF4H9A020;LF4H9A030;LF4H9A040;LF4H9A050;LF4H9A060;LF4H9A070;LF4H9D010;LF4H9D020;LF4H9D030;LFIB1A010;LFIB1A020;LFIB1A030;LFIB1A040;LFIB1A050;LFIB1A060;LFIB1A070;LFIB2A010;LFIB2A020;LFIB2A030;LFIB2A040;LFIB2A050;LFIB2A060;LFIB2A070;LFIB3A010;LFIB3A020;LFIB4A010;LFIB4A020;LFIB4A030;LFIB4A040;LFIB4A050;LFIB4A060;LFIB4A070;LFIB5A010;LFIB5A020;LFIB5A030;LFIB5A040;LFIB5A050;LFIB5A060;LFIB5A070;LFIB6A010;LFIB6A020;LFIB6A030;LFIB6A040;LFIB6A050;LFIB6A060;LFIB6A070;LFIC3A010;LFIC3A050;LFIC3A060;LFIC3A070;LFIC5A010;LFIC5A020;LFIC5A030;LFIC5A040;LFIC5A050;LFIC5A060;LFIC5A070;LFIC5B010;LFIC5B020;LFIC5B030;LFIC6A010;LFIC6A020;LFIC6A030;LFIC6A040;LFIC6A050;LFIC6A060;LFIC6A070;LFKD05010;LFKD06010;LFKD07010;LFKD08010;LFKD09010;LFKD10010;LFKD11010;LFKD12010;LFKD13010;LFKD14010;LFKD15010;LFKD16010;LFKD17010;LFKD18010;LFKD19010;LFKD20010;LFKD22010;LFKD23010;LFKD55010;LFKD56010;LFKE03010;LFKE04010;LFKE05010;LFKE06010;LFKE07010;LFKE08010;LFKE09010;LFKE10010;LFKE11010;LFKE12010,,,,0.01228232534164922,4,,0,,0,,0,,0,,0
SZ99,4,LESU3D010;LESU3D020;LESU3D030,,,,-0.8584163111555948,1,,0,,0,,0,,0,,0
WD0320-539,26,LBEK01010;LBEK01020;NONE,,,,0.050800907444385174,7,,0,,0,,0,,0,-0.13902537141379467,2
TOI-1468,9,LF7Z11010;LF7Z11020;LF7Z12010,,,,-0.868931905711114,2,,0,,0,,0,,0,,0
WD0421+162,9,LBIYA8010;LDNI02010;LDNI02020;LDNI02030,,,,,2,,0,,0,,0,,0,,0
TOI-561,4,LFH933010,,,,-0.9728487263492375,1,,0,,0,,0,,0,,0
TONS210,12,LBH001010;LBH001020;LBH001030;LBH001040,,,,-0.3961103732389726,5,,0,,0,,0,,0,0.1458800475852705,2
WD0437+138,12,LDAO08010;LDAOZ8010;LDNI04010,,,,,2,,0,,0,,0,,0,,0
TWA13A,7,LBMC01010;LBMC01020;LBMC01030;LBMC01040;LBMC01050,,,,-0.7346287197650604,2,,0,,0,,0,,0,,0
UM425,16,LDAR02010;LDAR02020;LDAR02030;LDAR02040,,,,,0,,10,,0,,0,,2,,0
WD0710+741,6,LBOVNP010;LBXZ01010,,,,-0.010179665033336232,1,,0,,0,,0,,0,,0
WD0947+857,204,LBB901010;LBB901020;LBB901030;LBB901040;LBB901050;LBB903010;LBB903020;LBB904010;LBB904020;LBB905010;LBB905020;LBB905030;LBB905040;LBB905050;LBB906010;LBB906020;LBB907010;LBB907020;LBB908010;LBB908020;LBB908030;LBB908040;LBB908050;LBB909010;LBB909020;LBB909030;LBB909040;LBB909050;LBB910010;LBB910020;LBB910030;LBB910040;LBB910050;LBB911010;LBB911020;LBB911030;LBB911040;LBB911050;LBB912010;LBB912020;LBB912030;LBB912040;LBB912050;LBB913010;LBB913020;LBB913030;LBB913040;LBB913050;LBB914010;LBB914020;LBB914030;LBB914040;LBB914050;LBB915010;LBB915020;LBB915030;LBB915040;LBB915050;LBE701010;LBN101010;LBN101020;LBN101030;LBN101040;LBN101050;LBN102010;LBN102020;LBN102030;LBN102040;LBN102050;LBN103010;LBN103020;LBN103030;LBN103040;LBN103050;LBN104010;LBN104020;LBN104030;LBN104040;LBN104050;LBN105010;LBN105020;LBN105030;LBN105040;LBN105050;LBN106010;LBN106020;LBN106030;LBN106040;LBN106050;LBN107010;LBN107020;LBN107030;LBN107040;LBN107050;LBN108010;LBN108020;LBN108030;LBN108040;LBN108050;LBN109010;LBN109020;LBN109030;LBN109040;LBN109050;LBN110010;LBN110020;LBN110030;LBN110040;LBN110050;LBN111010;LBN111020;LBN111030;LBN111040;LBN111050;LBN112010;LBN112020;LBN112030;LBN112040;LBN112050;LBUI01010;LBUI01020;LBUI01030;LBUI01040;LBUI01050;LBUI02010;LBUI02020;LBUI02030;LBUI02040;LBUI02050;LBUI03010;LBUI03020;LBUI03030;LBUI03040;LBUI03050;LBUI04010;LBUI04020;LBUI04030;LBUI04040;LBUI04050;LBUI05010;LBUI05020;LBUI05030;LBUI05040;LBUI05050;LBUI06010;LBUI06020;LBUI06030;LBUI06040;LBUI06050;LBUI07010;LBUI07020;LBUI07030;LBUI07040;LBUI07050;LBUI08010;LBUI08020;LBUI08030;LBUI08040;LBUI08050;LBUI09010;LBUI09020;LBUI09030;LBUI09040;LBUI09050;LBUI10010;LBUI10020;LBUI10030;LBUI10040;LBUI10050;LBUI11010;LBUI11020;LBUI11030;LBUI12010;LBUI12020;LBUI12030;LBUI12040;LBUI12050;LBUI13010;LBUI13020;LBUI13030;LBUI13040;LBUI13050;LBUI14010;LBUI14020;LBUI14030;LBUI14040;LBUI14050;LBXMT1010;LBXMT1020;LBXMT1030;LBXMT1040;LBXMT1050;LBXMT1060;LBXMT3010;LBXMT3020;LBXMT3030;LBXMT3040;LBXMT3050;LFJ0510Q0;LFJ0510Y0;LFJ051010;LFJ051090;LFJ0510H0;LFJ0510I0,,,,0.04247640072859243,8,,0,,0,,0,,0,-0.053877443806476216,2
V4046SGR,8,LB3Q01030;LB3Q01040;LB3Q01050;LB3Q01060;LB3Q01070;LB3Q01080;LB3Q01090;LB3Q010A0,,,,,0,,0,,0,,0,,0,,0
WD1052+273,2,LBOV03010,,,,-0.020745761117569136,2,,0,,0,,0,,0,,0
WD1057+719,300,LBB916010;LBB916020;LBB916030;LBB916040;LBB916050;LBB917010;LBB917020;LBB917030;LBB917040;LBB917050;LBB918010;LBB918020;LBB918030;LBB918040;LBB918050;LBB919010;LBB919020;LBB919030;LBB919040;LBB919050;LBB920010;LBB920020;LBB920030;LBB920040;LBB920050;LBB9X1010;LBB9X1020;LBB9X1030;LBB9X2010;LBB9X2020;LBB9X2030;LBB9X3010;LBB9X3020;LBB9X3030;LBB9X4010;LBB9X4020;LBB9X4030;LBB9X5010;LBB9X5020;LBB9X5030;LBBD01010;LBBD01020;LBBD01040;LBBD02010;LBBD03010;LBBD04010;LBBD04020;LBBD04040;LBBD05010;LBBD06010;LBBD07010;LBBD08010;LBBD09010;LBBD13010;LBBD14010;LBBD14040;LBBD15010;LBEK02010;LBEK02020;LBN120010;LBN120020;LBN120030;LBN121010;LBN121020;LBN121030;LBN122010;LBN122020;LBN122030;LBN124010;LBN124020;LBN125010;LBN125020;LBN125030;LBN126010;LBN126020;LBN126030;LBN127010;LBN127020;LBN127030;LBN128010;LBN128020;LBN128030;LBNGL1010;LBNGL2010;LBNGL3010;LBNM03010;LBNM03020;LBNM03030;LBNM03040;LBNM03050;LBO2HV010;LBO2LV010;LBUI20010;LBUI20020;LBUI20030;LBUI21010;LBUI21020;LBUI21030;LBUI22010;LBUI22020;LBUI22030;LBUI23010;LBUI23020;LBUI23030;LBUI24010;LBUI24020;LBUI24030;LBUI25010;LBUI25020;LBUI25030;LBUI26010;LBUI26020;LBUI26030;LBUI27010;LBUI27020;LBUI27030;LBUI28010;LBUI28020;LBUI28030;LBUI29010;LBUI29020;LBUI29030;LBUJL1010;LBUJL2010;LBUJL3010;LBUJL4010;LBXM02010;LBXM02020;LBXM02030;LBXM02040;LBXM02050;LBXMT2010;LBXMT2020;LBXMT2030;LC3ZL1010;LC3ZL3010;LC3ZL4010;LCAOE2010;LCAOE2020;LCAOE2030;LCFEL1010;LCFEL1020;LCFEL2010;LCFEL2020;LCFEL3010;LCFEL3020;LCRHL1010;LCRHL1020;LCRHL2010;LCRHL2020;LCRHL3010;LCRHL3020;LD20L1010;LD20L1020;LD20L2010;LD20L2020;LDCZL1010;LDCZL1020;LDCZL2010;LDCZL2020;LDQKL1010;LDQKL1020;LDQKL2010;LDQKL2020;LDUIL1010;LDUIL1020;LDUIL2010;LDUIL2020;LDYR01010;LDYR01020;LDYR01030;LDYR01040;LDYR52010;LDYR52020;LDYR52040;LDYR53010;LDYR53020;LDYR53030;LDYR53040;LE0SL1010;LE0SL1020;LE0SL2010;LE0SL2020;LEEJL1010;LEEJL1020;LEEJL2010;LEEJL2020;LEJI01010;LEKCL1010;LEKCL1020;LEKCL3010;LEKCL3020;LEV0L1010;LEV0L1020;LEV0L2020;LF4G07010;LF4G07040;LF4G07050;LF4G07060;LF4G9B010;LF4G9B020;LF4G9B030;LF4G9B040;LF4G9B050;LF4G9B060;LF4H9B010;LF4H9B020;LF4H9B030;LF4H9B040;LF4SL1010;LF4SL1020;LF4SL2010;LF4SL2020;LFIAL2010;LFIAL2020;LFIAL3010;LFIAL3020;LFIB1B010;LFIB1B020;LFIB1B030;LFIB4B010;LFIB4B020;LFIB4B030;LFIB4B040;LFIB5B010;LFIB5B020;LFIB5B030;LFIB5B040;LFIB6B010;LFIB6B020;LFIB6B030;LFIB6B040;LFIC3B010;LFIC3B040;LFIC4B010;LFIC4B020;LFIC4B030;LFIC4B040;LFIC6B010;LFIC6B020;LFIC6B030;LFIC6B040,,,,0.008184240022848477,9,,0,,0,2.4469463356944203,16,,0,-0.049638750683763104,1
VIIZW403,2,LF9G05010,,,,-0.9474195758331936,7,,0,,0,,0,,0,,0
WD1105-048,2,LDNU60010,,,,9.298781560080432,2,,0,,0,,0,,0,,0
WASP-12,35,LB2Z01010;LB2Z02010;LCAVW1010;LCAVW3010;LCAVW5010;LCAVW6010;LCAVW7010,,,,,20,,0,,0,,0,,0,,0
WD1202-232,4,LCVI25010,,,,-0.40958789729428186,3,,0,,0,,0,,0,,0
WASP-18,8,LCJY01010,,,,,0,,0,,0,,0,,0,,0
WD1327-083,2,LDNU77010,,,,0.026524888099945708,2,,0,,0,,0,,0,,0
WASP-29,15,LD9M25010;LD9M26010;LD9M27010,,,,0.3498380994594168,29,,0,,0,,0,,0,,0
WASP-43,4,LFH927010,,,,-0.9825311965594282,14,,0,,0,,0,,0,,0
WD1337+705,6,LFJ052010;LFJ052090;LFJ0520H0;LFJ0520I0;LFJ0520Q0;LFJ0520Y0,,,,0.007156795587403798,3,,0,,0,,0,,0,,0
WD1446+286,2,LDNU87010,,,,-0.0164046707741298,2,,0,,0,,0,,0,,0
WASP-69,15,LD9M34010;LD9M35010;LD9M36010,,,,0.7409405070693773,42,,0,,0,,0,,0,,0
WD1544-377,4,LCWD02010,,,,0.04489251634497629,2,,0,,0,,0,,0,,0
WASP-80,16,LD9M46010;LD9M47010;LD9M48010;LD9MW8010,,,,0.8475228731462672,29,,0,,0,,0,,0,,0
WD1654+160,16,LC1S04010;LC1S04020;LC1S54010;LC1S54020,,,,,0,0.27387284237632137,4,0.3067208347330554,7,,0,,0,,0
WD1657+343,12,LAA109010;LAA109020;LAA109030;LAA109040;LAA109050;LAA109060;LAA109070;LAA109080;LAA109090,,,,0.025632052789501023,15,,0,,0,,0,,0,,0
WD0308-565,1288,LBUI50010;LBUI50020;LBUI50030;LBUI50040;LBUI50050;LBUI50060;LBUI50070;LBUI50080;LBUI50090;LBXM1A010;LBXM1A020;LBXM1A030;LBXM1A040;LBXM1B010;LBXM1B020;LBXM1B030;LBXM1B040;LBXMT4010;LBXMT4020;LBXMT4030;LC3Y30010;LC3Y30020;LC3Y30030;LC3Y30040;LC3Y30050;LC3Y30060;LC3Y30070;LC3Y31010;LC3Y31020;LC3Y31030;LC3Y31040;LC3Y31050;LC3Y31060;LC3Y31070;LC3Y32010;LC3Y32020;LC3Y32030;LC3Y32040;LC3Y32050;LC3Y32060;LC3Y32070;LC3Y33010;LC3Y33020;LC3Y33030;LC3Y33040;LC3Y33050;LC3Y33060;LC3Y33070;LC3Y34010;LC3Y34020;LC3Y34030;LC3Y34040;LC3Y34050;LC3Y34060;LC3Y34070;LC3Y35010;LC3Y35020;LC3Y35030;LC3Y35040;LC3Y35050;LC3Y35060;LC3Y35070;LC3Y36010;LC3Y36020;LC3Y36030;LC3Y36040;LC3Y36050;LC3Y36060;LC3Y36070;LC3Y37010;LC3Y37020;LC3Y37030;LC3Y37040;LC3Y37050;LC3Y37060;LC3Y37070;LC3Y38010;LC3Y38020;LC3Y38030;LC3Y38040;LC3Y38050;LC3Y38060;LC3Y38070;LC3Y39010;LC3Y39020;LC3Y39030;LC3Y39040;LC3Y39050;LC3Y39060;LC3Y39070;LC3Y40010;LC3Y40020;LC3Y40030;LC3Y40040;LC3Y40050;LC3Y40060;LC3Y40070;LCAOE1010;LCAOE1020;LCE801010;LCE801020;LCE801030;LCE802010;LCE802020;LCE802030;LCE802040;LCE802050;LCE802060;LCE802070;LCE802080;LCE803010;LCE803020;LCE803030;LCE804010;LCE804020;LCE804030;LCE804040;LCE804050;LCE804060;LCE804070;LCE804080;LCE805010;LCE805020;LCE805030;LCE806010;LCE806020;LCE806030;LCE806040;LCE806050;LCE806060;LCE806070;LCE806080;LCE807010;LCE807020;LCE807030;LCE808010;LCE808020;LCE808030;LCE808040;LCE808050;LCE808060;LCE808070;LCE808080;LCE809010;LCE809020;LCE809030;LCE810010;LCE810020;LCE810030;LCE810040;LCE810050;LCE810060;LCE810070;LCE810080;LCPB01010;LCPB01020;LCPB01030;LCPB01040;LCPB02010;LCPB02020;LCPB03010;LCPB03020;LCPB03030;LCPB03040;LCPB04010;LCPB04020;LCPB04030;LCQZ01010;LCQZ01020;LCQZ01030;LCQZ01040;LCQZ01050;LCQZ01060;LCQZ01070;LCQZ01080;LCQZ02010;LCQZ02020;LCQZ02030;LCQZ03010;LCQZ03020;LCQZ03030;LCQZ03040;LCQZ03050;LCQZ03060;LCQZ03070;LCQZ03080;LCQZ04010;LCQZ04020;LCQZ04030;LCQZ04040;LCQZ04050;LCQZ04060;LCQZ04070;LCQZ04080;LCQZ05010;LCQZ05020;LCQZ05030;LCQZ06010;LCQZ06020;LCQZ06030;LCQZ06040;LCQZ06050;LCQZ06060;LCQZ06070;LCQZ06080;LCQZ07010;LCQZ07020;LCQZ07030;LCQZ08010;LCQZ08020;LCQZ08030;LCQZ08040;LCQZ08050;LCQZ08060;LCQZ08070;LCQZ08080;LCQZ09010;LCQZ09020;LCQZ09030;LCQZ10010;LCQZ10020;LCQZ10030;LCQZ10040;LCQZ10050;LCQZ10060;LCQZ10070;LCQZ10080;LCQZ11010;LCQZ11020;LCQZ11030;LD0Y01010;LD0Y01020;LD0Y01030;LD0Y02010;LD0Y02020;LD0Y02030;LD0Y02040;LD0Y02050;LD0Y02060;LD0Y02070;LD0Y02080;LD0Y03010;LD0Y03020;LD0Y03030;LD0Y04010;LD0Y04020;LD0Y04030;LD0Y04040;LD0Y04050;LD0Y04060;LD0Y04070;LD0Y04080;LD0Y05010;LD0Y05020;LD0Y05030;LD0Y06010;LD0Y06020;LD0Y06030;LD0Y06040;LD0Y06050;LD0Y06060;LD0Y06070;LD0Y06080;LD0Y07010;LD0Y07020;LD0Y07030;LD0Y08010;LD0Y08020;LD0Y08030;LD0Y08040;LD0Y08050;LD0Y08060;LD0Y08070;LD0Y08080;LD0Y09010;LD0Y09020;LD0Y09030;LD0Y10010;LD0Y10020;LD0Y10030;LD0Y10040;LD0Y10050;LD0Y10060;LD0Y10070;LD0Y10080;LD0Y11010;LD0Y11020;LD0Y11030;LDCV01010;LDCV01020;LDCV01030;LDCV02010;LDCV02020;LDCV02030;LDCV02040;LDCV02050;LDCV02060;LDCV02070;LDCV02080;LDCV04010;LDCV04020;LDCV04030;LDCV05010;LDCV05020;LDCV05030;LDCV05040;LDCV05050;LDCV05060;LDCV05070;LDCV05080;LDCV07010;LDCV07020;LDCV07030;LDCV08010;LDCV08020;LDCV08030;LDCV08040;LDCV08050;LDCV08060;LDCV08070;LDCV08080;LDCV10010;LDCV10020;LDCV10030;LDCV11010;LDCV11020;LDCV11030;LDCV11040;LDCV11050;LDCV11060;LDCV11070;LDCV11080;LDCV13010;LDCV13020;LDCV13030;LDCV17010;LDCV17020;LDCV17030;LDCV17040;LDCV17050;LDCV17060;LDCV17070;LDCV17080;LDCV20010;LDCV20020;LDCV20030;LDCV20040;LDCV20050;LDCV20060;LDCV20070;LDCV20080;LDCV22010;LDCV22020;LDCV22030;LDCV22040;LDCV22050;LDCV22060;LDCV22070;LDEL01010;LDEL01020;LDEL01030;LDEL02010;LDEL02020;LDEL02030;LDEL03010;LDEL03020;LDEL03030;LDEL03040;LDEL04010;LDEL04020;LDEL04030;LDMK01010;LDQJ01010;LDQJ01020;LDQJ01030;LDQJ01040;LDQJ01050;LDQJ01060;LDQJ01070;LDQJ01080;LDQJ03010;LDQJ03020;LDQJ03030;LDQJ03040;LDQJ03050;LDQJ03060;LDQJ03070;LDQJ03080;LDQJ05010;LDQJ05020;LDQJ05030;LDQJ05040;LDQJ05050;LDQJ05070;LDQJ05080;LDQJ07010;LDQJ07020;LDQJ07030;LDQJ07040;LDQJ07050;LDQJ07060;LDQJ07070;LDQJ07080;LDQJ08010;LDQJ08020;LDQJ08030;LDQJ08040;LDQJ08050;LDQJ08060;LDQJ08070;LDQJ08080;LDQJ10010;LDQJ10020;LDQJ10030;LDQJ10040;LDQJ10050;LDQJ10060;LDQJ10070;LDQJ10080;LDQJ12010;LDQJ12020;LDQJ12030;LDQJ12040;LDQJ12050;LDQJ12060;LDQJ12070;LDQJ55010;LDQJ55020;LDQJ55030;LDQJ55040;LDQJ55050;LDQJ55060;LDQJ55070;LDQJ55080;LDQJ56010;LDQJ56020;LDQJ56030;LDQJ56040;LDQJ56050;LDQJ56060;LDQJ56070;LDQJ57010;LDQJ57020;LDQJ57030;LDQJ57040;LDQJ57050;LDQJ57070;LDQJ58040;LDQJ58050;LDQJ58060;LDQJ58070;LDQJ59010;LDQJ59020;LDQJ59030;LDQJ59040;LDQJ59050;LDQJ59060;LDQJ59070;LDV001010;LDV001020;LDV001030;LDV001040;LDV001050;LDV001060;LDV001070;LDV001080;LDV003010;LDV003020;LDV003030;LDV005010;LDV005020;LDV005030;LDV005040;LDV005050;LDV005060;LDV005070;LDV005080;LDV005090;LDV0050A0;LDV007010;LDV007020;LDV007030;LDV007040;LDV007050;LDV007060;LDV007070;LDV007080;LDV007090;LDV0070A0;LDV008010;LDV008020;LDV008060;LDV008070;LDV008080;LDV008090;LDV0080A0;LDV010010;LDV010020;LDV010030;LDV010040;LDV010060;LDV010070;LDV010080;LDV010090;LDV0100A0;LDV053010;LDV053020;LDV053030;LDV053040;LDV053050;LDV053060;LDV053070;LDV053080;LDV053090;LDV0530A0;LDV057090;LDV0570A0;LDV057010;LDV057020;LDV057030;LDV057040;LDV057050;LDV057060;LDV057070;LDV057080;LDV058010;LDV058020;LDV058030;LDV058040;LDV058050;LDV058060;LDV058070;LDV058080;LDV058090;LDV0580A0;LDV060010;LDV060020;LDV060030;LDV060040;LDV060050;LDV060060;LDV060070;LDV060080;LDV060090;LDV0600A0;LE5G01010;LE5G01020;LE5G01030;LE5G01040;LE5G01050;LE5G01060;LE5G01070;LE5G01080;LE5G01090;LE5G010A0;LE5G05010;LE5G05020;LE5G05030;LE5G05040;LE5G05050;LE5G05060;LE5G05070;LE5G05080;LE5G05090;LE5G050A0;LE5G07010;LE5G07020;LE5G07030;LE5G07040;LE5G07050;LE5G07060;LE5G07070;LE5G07080;LE5G07090;LE5G070A0;LE5G08010;LE5G08020;LE5G08030;LE5G08040;LE5G10010;LE5G10020;LE5G10030;LE5G10040;LE5G10050;LE5G10060;LE5G10070;LE5G10080;LE5G10090;LE5G100A0;LE5G53010;LE5G53020;LE5G53030;LE5G53040;LE5G53050;LE5G53060;LE5G53070;LE5G53080;LE5G53090;LE5G530A0;LE5G57010;LE5G57020;LE5G57030;LE5G58010;LE5G58020;LE5G58030;LE5G58040;LE5G58050;LE5G58060;LE9A01010;LE9A02010;LEDES1010;LEDES1020;LEDES1030;LEDES2010;LEDES2020;LEDES2030;LEDES3010;LEDES3020;LEDES3030;LEDES4010;LEDES4020;LEDES4030;LEDES6010;LEDES6020;LEDES6030;LEDES9010;LEDES9020;LEDES9030;LEDESA010;LEDESA020;LEDESA030;LEDESD010;LEDESD020;LEDESD030;LEDESE010;LEDESE020;LEDESE030;LEFE01010;LEFE01020;LEFE01030;LEFE01040;LEFE01050;LEFE01060;LEFE01070;LEFE01080;LEFE01090;LEFE010A0;LEFE03010;LEFE03020;LEFE03030;LEFE03040;LEFE05010;LEFE05020;LEFE05030;LEFE05040;LEFE05050;LEFE05060;LEFE05070;LEFE05080;LEFE05090;LEFE050A0;LEFE050B0;LEFE050C0;LEFE07010;LEFE07020;LEFE07030;LEFE07040;LEFE07050;LEFE07060;LEFE07070;LEFE07080;LEFE07090;LEFE070A0;LEFE070B0;LEFE08010;LEFE08020;LEFE08030;LEFE08040;LEFE08050;LEFE08060;LEFE08070;LEFE08080;LEFE08090;LEFE080A0;LEFE10010;LEFE10020;LEFE10030;LEFE10040;LEFE10050;LEFE10060;LEFE10070;LEFE10080;LEFE10090;LEFE100A0;LEFE53010;LEFE53020;LEFE53030;LEFE53040;LEFE53050;LEFE53060;LEFE53070;LEFE53080;LEFE53090;LEFE530A0;LEIA02010;LEIA03010;LEIA04010;LEIA05010;LEIA51010;LEIA51020;LEIA52010;LEJI02010;LER101010;LER101020;LER101030;LER101040;LER101050;LER101060;LER101070;LER101080;LER101090;LER1010A0;LER1010B0;LER103010;LER103020;LER103040;LER103060;LER103070;LER103080;LER1030A0;LER1030B0;LER107010;LER107020;LER107030;LER107040;LER107050;LER107060;LER107070;LER107080;LER107090;LER1070A0;LER1070B0;LER1070C0;LER108010;LER108020;LER108030;LER108040;LER108050;LER108060;LER108070;LER108080;LER110010;LER110020;LER110030;LER110040;LER110050;LER110060;LER110070;LER112010;LER112020;LER112030;LER112040;LER153010;LER153020;LER153030;LER158010;LER158020;LER158030;LER158040;LER15A010;LER15A020;LER15A030;LER15A040;LER15A050;LER15A060;LER15A070;LER15A080;LER15A090;LER15A0A0;LER15A0B0;LER15A0C0;LER15B010;LER15B020;LER15B030;LER15B040;LETB01010;LETB02010;LETB03010;LETB04010;LETB05010;LETB06010;LETB55010;LF2010010;LF2010020;LF2010030;LF2010040;LF2010050;LF2010060;LF2010070;LF2012010;LF2012020;LF2012030;LF2012040;LF2012050;LF2012060;LF201A010;LF201A020;LF201A030;LF201A040;LF201A050;LF201A060;LF201A070;LF201B010;LF201B020;LF201B030;LF201D010;LF201D020;LF201D030;LF201D040;LF203A010;LF203A020;LF203A030;LF203A040;LF203A050;LF203A060;LF203A070;LF203B010;LF203B020;LF203B030;LF203B040;LF203B050;LF203B060;LF2056010;LF2056020;LF2056030;LF2056040;LF205A050;LF205A060;LF205A070;LF205B010;LF205B020;LF205B040;LF205B050;LF205B060;LF205C010;LF205C020;LF205C030;LF205C040;LF205C050;LF205C060;LF205C070;LF205D010;LF205D020;LF205D030;LF205D040;LF205D050;LF205D060;LF207A010;LF207A020;LF207A030;LF207A040;LF207A050;LF207A060;LF207A070;LF207B010;LF207B020;LF207B030;LF207B040;LF207B050;LF207B060;LF207B070;LF207B080;LF208A010;LF208A020;LF208A030;LF208A040;LF208A050;LF208A060;LF208A070;LF208B010;LF208B020;LF208B030;LF208B040;LF208B050;LF208B060;LF2110010;LF2110020;LF2110030;LF2110040;LF2110050;LF2110060;LF2110070;LF2111050;LF2111060;LF218A010;LF218A020;LF218A030;LF218A040;LF218A050;LF218A060;LF218A070;LF218B010;LF218B020;LF218B030;LF218B040;LF218B050;LF218B060;LF4G1A010;LF4G1A020;LF4G1A030;LF4G1A040;LF4G1A050;LF4G1A060;LF4G1A070;LF4G1B010;LF4G1B020;LF4G1B030;LF4G1B040;LF4G1B050;LF4G1B060;LF4G3A010;LF4G3A020;LF4G3A030;LF4G3A040;LF4G3A050;LF4G3A060;LF4G3A070;LF4G3B010;LF4G3B020;LF4G3B030;LF4G3B040;LF4G3B050;LF4G3B060;LF4G8A010;LF4G8A020;LF4G8A030;LF4G8A040;LF4G8A050;LF4G8A060;LF4G8A070;LF4G8B010;LF4G8B020;LF4G8B030;LF4G8B040;LF4G8B050;LF4G8B060;LF4H1A010;LF4H1A020;LF4H1A030;LF4H1A040;LF4H1A050;LF4H1A060;LF4H1A070;LF4H1B010;LF4H1B020;LF4H1B030;LF4H1B040;LF4H1B050;LF4H1B060;LF4H3A010;LF4H3A020;LF4H3A030;LF4H3A040;LF4H3A050;LF4H3A060;LF4H3A070;LF4H5A040;LF4H5A050;LF4H5A060;LF4H5A070;LF4H5B010;LF4H5B020;LF4H5B030;LF4H5B040;LF4H5B060;LF4H7A010;LF4H7A020;LF4H7A030;LF4H7A040;LF4H7A050;LF4H7A060;LF4H7A070;LF4H8A050;LF4H8B010;LF4H8B020;LF4H9A010;LF4H9A020;LF4H9A030;LF4H9A040;LF4H9A050;LF4H9A060;LF4H9A070;LF4H9D010;LF4H9D020;LF4H9D030;LFIB1A010;LFIB1A020;LFIB1A030;LFIB1A040;LFIB1A050;LFIB1A060;LFIB1A070;LFIB2A010;LFIB2A020;LFIB2A030;LFIB2A040;LFIB2A050;LFIB2A060;LFIB2A070;LFIB3A010;LFIB3A020;LFIB4A010;LFIB4A020;LFIB4A030;LFIB4A040;LFIB4A050;LFIB4A060;LFIB4A070;LFIB5A010;LFIB5A020;LFIB5A030;LFIB5A040;LFIB5A050;LFIB5A060;LFIB5A070;LFIB6A010;LFIB6A020;LFIB6A030;LFIB6A040;LFIB6A050;LFIB6A060;LFIB6A070;LFIC3A010;LFIC3A050;LFIC3A060;LFIC3A070;LFIC5A010;LFIC5A020;LFIC5A030;LFIC5A040;LFIC5A050;LFIC5A060;LFIC5A070;LFIC5B010;LFIC5B020;LFIC5B030;LFIC6A010;LFIC6A020;LFIC6A030;LFIC6A040;LFIC6A050;LFIC6A060;LFIC6A070;LFKD05010;LFKD06010;LFKD07010;LFKD08010;LFKD09010;LFKD10010;LFKD11010;LFKD12010;LFKD13010;LFKD14010;LFKD15010;LFKD16010;LFKD17010;LFKD18010;LFKD19010;LFKD20010;LFKD22010;LFKD23010;LFKD55010;LFKD56010;LFKE03010;LFKE04010;LFKE05010;LFKE06010;LFKE07010;LFKE08010;LFKE09010;LFKE10010;LFKE11010;LFKE12010,,,,0.01228232534164922,4,,0,,0,,0,,0,,0
WD0320-539,26,LBEK01010;LBEK01020;NONE,,,,0.050800907444385174,7,,0,,0,,0,,0,-0.13902537141379467,2
WD0421+162,9,LBIYA8010;LDNI02010;LDNI02020;LDNI02030,,,,,2,,0,,0,,0,,0,,0
WD0437+138,12,LDAO08010;LDAOZ8010;LDNI04010,,,,,2,,0,,0,,0,,0,,0
WD1713+695,2,LCVJ46010,,,,0.015170575608337428,2,,0,,0,,0,,0,-0.11336295723783672,2
WD0710+741,6,LBOVNP010;LBXZ01010,,,,-0.010179665033336232,1,,0,,0,,0,,0,,0
WD1743-521,4,LDNU0J010;LE7A0J010,,,,0.834009086582878,1,,0,,0,,0,,0,,0
WD0947+857,204,LBB901010;LBB901020;LBB901030;LBB901040;LBB901050;LBB903010;LBB903020;LBB904010;LBB904020;LBB905010;LBB905020;LBB905030;LBB905040;LBB905050;LBB906010;LBB906020;LBB907010;LBB907020;LBB908010;LBB908020;LBB908030;LBB908040;LBB908050;LBB909010;LBB909020;LBB909030;LBB909040;LBB909050;LBB910010;LBB910020;LBB910030;LBB910040;LBB910050;LBB911010;LBB911020;LBB911030;LBB911040;LBB911050;LBB912010;LBB912020;LBB912030;LBB912040;LBB912050;LBB913010;LBB913020;LBB913030;LBB913040;LBB913050;LBB914010;LBB914020;LBB914030;LBB914040;LBB914050;LBB915010;LBB915020;LBB915030;LBB915040;LBB915050;LBE701010;LBN101010;LBN101020;LBN101030;LBN101040;LBN101050;LBN102010;LBN102020;LBN102030;LBN102040;LBN102050;LBN103010;LBN103020;LBN103030;LBN103040;LBN103050;LBN104010;LBN104020;LBN104030;LBN104040;LBN104050;LBN105010;LBN105020;LBN105030;LBN105040;LBN105050;LBN106010;LBN106020;LBN106030;LBN106040;LBN106050;LBN107010;LBN107020;LBN107030;LBN107040;LBN107050;LBN108010;LBN108020;LBN108030;LBN108040;LBN108050;LBN109010;LBN109020;LBN109030;LBN109040;LBN109050;LBN110010;LBN110020;LBN110030;LBN110040;LBN110050;LBN111010;LBN111020;LBN111030;LBN111040;LBN111050;LBN112010;LBN112020;LBN112030;LBN112040;LBN112050;LBUI01010;LBUI01020;LBUI01030;LBUI01040;LBUI01050;LBUI02010;LBUI02020;LBUI02030;LBUI02040;LBUI02050;LBUI03010;LBUI03020;LBUI03030;LBUI03040;LBUI03050;LBUI04010;LBUI04020;LBUI04030;LBUI04040;LBUI04050;LBUI05010;LBUI05020;LBUI05030;LBUI05040;LBUI05050;LBUI06010;LBUI06020;LBUI06030;LBUI06040;LBUI06050;LBUI07010;LBUI07020;LBUI07030;LBUI07040;LBUI07050;LBUI08010;LBUI08020;LBUI08030;LBUI08040;LBUI08050;LBUI09010;LBUI09020;LBUI09030;LBUI09040;LBUI09050;LBUI10010;LBUI10020;LBUI10030;LBUI10040;LBUI10050;LBUI11010;LBUI11020;LBUI11030;LBUI12010;LBUI12020;LBUI12030;LBUI12040;LBUI12050;LBUI13010;LBUI13020;LBUI13030;LBUI13040;LBUI13050;LBUI14010;LBUI14020;LBUI14030;LBUI14040;LBUI14050;LBXMT1010;LBXMT1020;LBXMT1030;LBXMT1040;LBXMT1050;LBXMT1060;LBXMT3010;LBXMT3020;LBXMT3030;LBXMT3040;LBXMT3050;LFJ0510Q0;LFJ0510Y0;LFJ051010;LFJ051090;LFJ0510H0;LFJ0510I0,,,,0.04247640072859243,8,,0,,0,,0,,0,-0.053877443806476216,2
WD1052+273,2,LBOV03010,,,,-0.020745761117569136,2,,0,,0,,0,,0,,0
WD1057+719,300,LBB916010;LBB916020;LBB916030;LBB916040;LBB916050;LBB917010;LBB917020;LBB917030;LBB917040;LBB917050;LBB918010;LBB918020;LBB918030;LBB918040;LBB918050;LBB919010;LBB919020;LBB919030;LBB919040;LBB919050;LBB920010;LBB920020;LBB920030;LBB920040;LBB920050;LBB9X1010;LBB9X1020;LBB9X1030;LBB9X2010;LBB9X2020;LBB9X2030;LBB9X3010;LBB9X3020;LBB9X3030;LBB9X4010;LBB9X4020;LBB9X4030;LBB9X5010;LBB9X5020;LBB9X5030;LBBD01010;LBBD01020;LBBD01040;LBBD02010;LBBD03010;LBBD04010;LBBD04020;LBBD04040;LBBD05010;LBBD06010;LBBD07010;LBBD08010;LBBD09010;LBBD13010;LBBD14010;LBBD14040;LBBD15010;LBEK02010;LBEK02020;LBN120010;LBN120020;LBN120030;LBN121010;LBN121020;LBN121030;LBN122010;LBN122020;LBN122030;LBN124010;LBN124020;LBN125010;LBN125020;LBN125030;LBN126010;LBN126020;LBN126030;LBN127010;LBN127020;LBN127030;LBN128010;LBN128020;LBN128030;LBNGL1010;LBNGL2010;LBNGL3010;LBNM03010;LBNM03020;LBNM03030;LBNM03040;LBNM03050;LBO2HV010;LBO2LV010;LBUI20010;LBUI20020;LBUI20030;LBUI21010;LBUI21020;LBUI21030;LBUI22010;LBUI22020;LBUI22030;LBUI23010;LBUI23020;LBUI23030;LBUI24010;LBUI24020;LBUI24030;LBUI25010;LBUI25020;LBUI25030;LBUI26010;LBUI26020;LBUI26030;LBUI27010;LBUI27020;LBUI27030;LBUI28010;LBUI28020;LBUI28030;LBUI29010;LBUI29020;LBUI29030;LBUJL1010;LBUJL2010;LBUJL3010;LBUJL4010;LBXM02010;LBXM02020;LBXM02030;LBXM02040;LBXM02050;LBXMT2010;LBXMT2020;LBXMT2030;LC3ZL1010;LC3ZL3010;LC3ZL4010;LCAOE2010;LCAOE2020;LCAOE2030;LCFEL1010;LCFEL1020;LCFEL2010;LCFEL2020;LCFEL3010;LCFEL3020;LCRHL1010;LCRHL1020;LCRHL2010;LCRHL2020;LCRHL3010;LCRHL3020;LD20L1010;LD20L1020;LD20L2010;LD20L2020;LDCZL1010;LDCZL1020;LDCZL2010;LDCZL2020;LDQKL1010;LDQKL1020;LDQKL2010;LDQKL2020;LDUIL1010;LDUIL1020;LDUIL2010;LDUIL2020;LDYR01010;LDYR01020;LDYR01030;LDYR01040;LDYR52010;LDYR52020;LDYR52040;LDYR53010;LDYR53020;LDYR53030;LDYR53040;LE0SL1010;LE0SL1020;LE0SL2010;LE0SL2020;LEEJL1010;LEEJL1020;LEEJL2010;LEEJL2020;LEJI01010;LEKCL1010;LEKCL1020;LEKCL3010;LEKCL3020;LEV0L1010;LEV0L1020;LEV0L2020;LF4G07010;LF4G07040;LF4G07050;LF4G07060;LF4G9B010;LF4G9B020;LF4G9B030;LF4G9B040;LF4G9B050;LF4G9B060;LF4H9B010;LF4H9B020;LF4H9B030;LF4H9B040;LF4SL1010;LF4SL1020;LF4SL2010;LF4SL2020;LFIAL2010;LFIAL2020;LFIAL3010;LFIAL3020;LFIB1B010;LFIB1B020;LFIB1B030;LFIB4B010;LFIB4B020;LFIB4B030;LFIB4B040;LFIB5B010;LFIB5B020;LFIB5B030;LFIB5B040;LFIB6B010;LFIB6B020;LFIB6B030;LFIB6B040;LFIC3B010;LFIC3B040;LFIC4B010;LFIC4B020;LFIC4B030;LFIC4B040;LFIC6B010;LFIC6B020;LFIC6B030;LFIC6B040,,,,0.008184240022848477,9,,0,,0,2.4469463356944203,16,,0,-0.049638750683763104,1
WD1105-048,2,LDNU60010,,,,9.298781560080432,2,,0,,0,,0,,0,,0
WD1911+536,2,LDNU0L010,,,,0.010096159965067414,2,,0,,0,,0,,0,,0
WD1202-232,4,LCVI25010,,,,-0.40958789729428186,3,,0,,0,,0,,0,,0
WD1917-077,8,LCVI34010;LCVI34020;LCVI34030;LCVI34040;LCVI34050;LCVI34060;LCVI34070;LCVI34080,,,,0.19329824547150082,2,,0,,0,,0,,0,,0
WD1327-083,2,LDNU77010,,,,0.026524888099945708,2,,0,,0,,0,,0,,0
WD1919+145,2,LCVJ45010,,,,0.006676440842431839,2,,0,,0,,0,,0,,0
WD2039-682,2,LCOS44010,,,,0.019872351515175052,2,,0,,0,,0,,0,-0.14658120267297903,1
WD2051-208,2,LE7A0U010,,,,-3.1445208364993765e-05,2,,0,,0,,0,,0,,0
WD1337+705,6,LFJ052010;LFJ052090;LFJ0520H0;LFJ0520I0;LFJ0520Q0;LFJ0520Y0,,,,0.007156795587403798,3,,0,,0,,0,,0,,0
WD1446+286,2,LDNU87010,,,,-0.0164046707741298,2,,0,,0,,0,,0,,0
WD1544-377,4,LCWD02010,,,,0.04489251634497629,2,,0,,0,,0,,0,,0
WD1654+160,16,LC1S04010;LC1S04020;LC1S54010;LC1S54020,,,,,0,0.27387284237632137,4,0.3067208347330554,7,,0,,0,,0
WD1657+343,12,LAA109010;LAA109020;LAA109030;LAA109040;LAA109050;LAA109060;LAA109070;LAA109080;LAA109090,,,,0.025632052789501023,15,,0,,0,,0,,0,,0
WD2126+734,2,LDNU0V010,,,,0.00863096071575073,10,,0,,0,,0,,0,-0.2650808908176626,2
WD2341+322,2,LE7A1M010,,,,0.010115942024069808,2,,0,,0,,0,,0,,0
ZTFJ1901+1458,4,LEOR01010;LEORR4010,,,,-3.62927215979428e-05,6,,0,,0,,0,,0,,0
WD1713+695,2,LCVJ46010,,,,0.015170575608337428,2,,0,,0,,0,,0,-0.11336295723783672,2
WD1743-521,4,LDNU0J010;LE7A0J010,,,,0.834009086582878,1,,0,,0,,0,,0,,0
WD1911+536,2,LDNU0L010,,,,0.010096159965067414,2,,0,,0,,0,,0,,0
WD1917-077,8,LCVI34010;LCVI34020;LCVI34030;LCVI34040;LCVI34050;LCVI34060;LCVI34070;LCVI34080,,,,0.19329824547150082,2,,0,,0,,0,,0,,0
WD1919+145,2,LCVJ45010,,,,0.006676440842431839,2,,0,,0,,0,,0,,0
WD2039-682,2,LCOS44010,,,,0.019872351515175052,2,,0,,0,,0,,0,-0.14658120267297903,1
WD2051-208,2,LE7A0U010,,,,-3.1445208364993765e-05,2,,0,,0,,0,,0,,0
WD2126+734,2,LDNU0V010,,,,0.00863096071575073,10,,0,,0,,0,,0,-0.2650808908176626,2
WD2341+322,2,LE7A1M010,,,,0.010115942024069808,2,,0,,0,,0,,0,,0
ZTFJ1901+1458,4,LEOR01010;LEORR4010,,,,-3.62927215979428e-05,6,,0,,0,,0,,0,,0
